OBJECTID,parkName,altPrkName,parkAddr,addressFull,prkAcreage,bcrpPark,parkOprtr,parkClass,ctyOwndPrk,bcrpAmnty,parkDstrct,cnclDstrct,policeDstrct,lgsltvDstrct,friendsGroup,Shape__Area,Shape__Length,perTreeCover18,perGreenSpace18,perUndvlpEst18,undvlpAcreage18,siteID
1,32nd Street Park,Abell Open Space,301 E 32nd St,"301 EAST 32ND ST, BALTIMORE, MD, 21218",0.168720780056216,Y,BCRP,Mini Park,Y,,Clifton,14,Northern,43,Yes,7349.50659179688,343.781810240235,21.7202224892221,88.6766971371139,12.1193019952831,0.0204479444468749,P1
2,Adams Park, ,1530 Montpelier St,"1530 MONTPELIER ST, BALTIMORE, MD, 21218",0.622840791754575,Y,BCRP,Mini Park,Y,,Clifton,14,Eastern,43,Unknown,27131.0532836914,1048.08336624423,46.2076836596574,76.686006099385,39.2193134782816,0.244275836789669,P2
3,Alexander Odum Park, ,3111 Presstman St,"3111 PRESSTMAN ST, BALTIMORE, MD, 21216",1.35720034642712,Y,BCRP,Neighborhood Park,Y,,Gwynns Falls,9,Northwestern,40,Unknown,59119.8836669922,1068.94543985131,48.5944297741272,82.2614227207065,70.7255326925075,0.959894853850929,P3
4,Alhambra Park, ,5200 Alhambra Ave,"5200 ALHAMBRA AVE, BALTIMORE, MD, 21212",0.992765124501049,Y,BCRP,Mini Park,Y,,Clifton,4,Northern,43,Unknown,43245.0219116211,1435.81007797684,5.45968551850375,68.9398756172777,0.166030193922702,0.00164830304779087,P4
5,Henrietta Lacks Educational Park,Ambrose Kennedy Park,1002 Harford Ave,"1002 HARFORD AVE, BALTIMORE, MD, 21202",1.72519274853807,Y,BCRP,Neighborhood Park,Y,,Patterson,12,Central,45,Unknown,75149.6967773438,1171.85953254039,5.08901804030304,52.0382772786842,1.94513953588358,0.0335576746826027,P5
6,Anchorage Promenade Park, ,2339 Boston St (Rear),"2339 BOSTON ST, BALTIMORE, MD, 21224",0.29676190861571,Y,BCRP,Citywide Park,Y,,Patterson,1,Southeastern,46,Unknown,12927.0003662109,1744.91320177861,8.13838095402448,82.3599659133445,42.2888728967595,0.125498270323646,P6
7,Andover & North Hill Park, ,1116 Andover Rd (Rear),"1116 ANDOVER RD, BALTIMORE, MD, 21218",0.602632733932896,Y,BCRP,Mini Park,Y,,Clifton,14,Northeastern,43,Unknown,26250.7869262695,705.968340528665,43.4124385355499,83.3676473493545,31.4198579415978,0.189347863689648,P7
8,Arnold Sumpter Park, ,240 Laurens St,"240 LAURENS ST, BALTIMORE, MD, 21217",2.97412883786046,Y,BCRP,Neighborhood Park,Y,,Druid Hill,7,Western,40,Unknown,129553.570617676,1505.56117670847,47.6802690086757,97.0387966577596,69.858729660954,2.07770524620152,P8
9,Asbury Park, ,1322 Asbury Rd,"1322 ASBURY RD, BALTIMORE, MD, 21209",2.79891735339339,Y,BCRP,Green Space,Y,,Druid Hill,5,Northern,41,Unknown,121921.327148438,3146.04608132294,69.536978793728,99.1657905197618,67.5834776002807,1.89162081550212,P9
10,Atlantic Avenue Park, ,2304 Atlantic Ave,"2304 ATLANTIC AVE, BALTIMORE, MD, 21230",1.61107902404982,Y,BCRP,Green Space,Y,,Carroll,10,Southern,46,Unknown,70178.8831787109,1661.03456669821,72.3091888247686,94.4733279313747,39.7059316313871,0.639699053393916,P10
11,B & O Museum Park, ,906 W Pratt St,"906 WEST PRATT ST, BALTIMORE, MD, 21223",0.479261693433,N,BCRP,Mini Park,Y,,Gwynns Falls,9,Southwestern,40,Unknown,20876.6392822266,606.79801925071,17.0761885509105,68.435788547172,10.22713768491,0.0490149493165202,P11
12,B & O Slope Park, ,1400 Cathedral St,"1400 CATHEDRAL ST, BALTIMORE, MD, 21201",0.917281469396113,Y,BCRP,Green Space,Y,,Carroll,11,Central,40,Unknown,39956.9405517578,1240.46610399777,35.4184787610112,91.1114294718114,4.2767036313582,0.0392297237482879,P12
13,Barbara & Parkwood Park, ,5101 Mayview Ave,"5101 MAYVIEW AVE, BALTIMORE, MD, 21206",6.82892847706434,Y,BCRP,Forest,Y,,Clifton,2,Northeastern,45,Unknown,297469.313903809,2855.56527418148,97.1371572350276,99.9932193836154,73.5642742323996,5.02369186141636,P13
14,Calvert Street Park,Barclay Park,2201 N Calvert St,"2201 NORTH CALVERT ST, BALTIMORE, MD, 21218",1.32646835933552,Y,BCRP,Neighborhood Park,Y,,Clifton,12,Eastern,43,Unknown,57781.1928710938,1004.00040993252,36.3489239088883,94.386552349206,35.6818374865423,0.47331207077371,P14
15,Belnord Square Park,Library Square Park,2800 Pulaski Hwy,"2800 PULASKI HWY, BALTIMORE, MD, 21224",1.10596609024331,Y,BCRP,Mini Park,Y,,Patterson,13,Southeastern,45,Unknown,48176.0759887695,1692.51185591108,62.5775941618403,81.9851103398632,50.8595030900405,0.562493357775457,P15
16,Belvedere & Sunset Street Park, ,W Belvedere & Suset Rd,"WEST BELVEDERE AVE & SUNSET RD, BALTIMORE, MD, 21215",0.172176251213201,Y,BCRP,Green Space,Y,,Druid Hill,6,Northern,41,Unknown,7500.02740478516,376.424245798121,71.1719974249337,99.0702999810576,0.11530740436744,0.000198533554474776,P16
17,Betty Hyatt Park, ,1710 E Baltimore St,"1710 EAST BALTIMORE ST, BALTIMORE, MD, 21231",1.75893863907283,Y,BCRP,Neighborhood Park,Y,,Patterson,13,Central,46,Yes,76619.6735839844,1192.39892543205,38.6245539136231,64.0094050724663,0.251000411195198,0.00441497853646635,P17
18,Bishop Square Park, ,W University Ave & N Charles St,"WEST UNIVERSITY PKWY & NORTH CHARLES ST, BALTIMORE, MD, 21218",0.882420515290334,Y,BCRP,Mini Park,Y,,Clifton,14,Northern,43,Unknown,38438.3913574219,828.958725957481,40.7209127539608,93.4342436215357,50.9937561083587,0.449982965270198,P18
19,Bocek Park, ,3000 E Madison St,"3000 EAST MADISON ST, BALTIMORE, MD, 21205",16.8171281125313,Y,BCRP,Citywide Park,Y,,Patterson,13,Southeastern,45,Unknown,732557.030822754,3714.97925571786,10.8766890634886,93.1513722598571,0.295854735263008,0.0497546678923195,P19
20,Bonview Park, ,3800 Sinclair Ln (Rear),"3800 SINCLAIR LN, BALTIMORE, MD, 21213",0.381617668156531,Y,BCRP,Mini Park,Y,,Clifton,13,Eastern,45,Unknown,16623.3319702148,560.334931744364,20.2533479639238,40.3903543373463,14.1995687513951,0.0541884966640302,P20
21,Boston Street Pier Park, ,2601 Boston St,"2601 BOSTON ST, BALTIMORE, MD, 21224",0.726247629061446,Y,BCRP,Mini Park,Y,,Patterson,1,Southeastern,46,Unknown,31635.4732666016,797.433295613379,20.9302448160284,82.9100863915784,5.6167362401265,0.0407917401074956,P21
22,Bucknell & Moores Park, ,5400 Bucknell Rd,"5400 BUCKNELL RD, BALTIMORE, MD, 21206",0.334045854946348,Y,BCRP,Mini Park,Y,,Clifton,2,Northeastern,45,Unknown,14551.095703125,499.725251641973,7.79576758803917,55.1072319549017,25.299044936193,0.0845110870370348,P22
23,Buena Vista Park, ,4001 Buena Vista Ave,"4001 BUENA VISTA AVE, BALTIMORE, MD, 21211",2.82461033220542,Y,BCRP,Neighborhood Park,Y,,Druid Hill,7,Northern,40,Unknown,123040.518310547,1407.04463622779,22.5574113578368,89.6019339503257,13.6729725094535,0.386211283902633,P23
24,Burdick Park, ,6300 Walther Ave,"6300 WALTHER AVE, BALTIMORE, MD, 21206",11.0296188509527,Y,BCRP,Neighborhood Park,Y,,Clifton,2,Northeastern,45,Unknown,480452.11907959,3081.26031938377,46.2354422895101,94.1640914701617,9.74051350866809,1.07435010890673,P24
25,C.C. Jackson Park,Park Heights,4910 Park Heights Ave,"4910 PARK HEIGHTS AVE, BALTIMORE, MD, 21215",9.74759394740902,Y,BCRP,Neighborhood Park,Y,,Druid Hill,6,Northern,41,Unknown,424606.890991211,3282.58329872345,10.3138867495316,68.0921155571236,2.9424655936368,0.286821892678191,P25
26,Calvert & Federal Park, ,1601 N Calvert St,"1601 NORTH CALVERT ST, BALTIMORE, MD, 21202",0.248515764873997,Y,BCRP,Mini Park,Y,,Patterson,12,Eastern,45,Unknown,10825.3900146484,415.68676553543,87.3137169347848,91.7424509583347,8.53690690923655,0.021215729227395,P26
27,Mount Vernon Children's Park,Calvert & Madison Park,801 N Calvert St,"801 NORTH CALVERT ST, BALTIMORE, MD, 21202",0.159271070935287,Y,BCRP,Mini Park,Y,,Carroll,12,Central,46,Unknown,6937.87561035156,351.845858276971,29.7156639468848,47.6414609280162,2.92155896324701,0.00465323547454151,P27
28,Canton Waterfront Park, ,3001 Boston St,"3001 BOSTON ST, BALTIMORE, MD, 21224",8.55993402961117,Y,BCRP,Citywide Park,Y,,Patterson,1,Southeastern,46,Unknown,372872.217407227,3920.80379377091,21.6219948891602,60.3268507185987,4.43584076510272,0.379708080806926,P28
29,Carlton Street Park, ,115 S Carlton St,"115 SOUTH CARLTON ST, BALTIMORE, MD, 21223",0.128664248505337,Y,BCRP,Special Use - Facility,Y,,Gwynns Falls,9,Southwestern,40,Unknown,5604.63708496094,301.972935988212,88.1645571529552,95.8058279665878,20.3142842468366,0.0261374302642453,P29
30,Caroline & Hoffman Park, ,1351 N Eden St,"1351 NORTH EDEN ST, BALTIMORE, MD, 21213",1.04630125390436,Y,BCRP,Neighborhood Park,Y,,Patterson,12,Eastern,45,Unknown,45577.0648193359,1039.09434816333,53.7616578942237,63.2652341790704,12.8769120825732,0.134732370439856,P30
31,Carroll & Archer Park, ,838 Carroll St,"838 CARROLL ST, BALTIMORE, MD, 21230",0.108407771144564,Y,BCRP,Mini Park,Y,,Carroll,10,Southern,40,Unknown,4722.26153564453,271.624923371198,29.7003403639127,29.7003403637975,12.1921286793511,0.01321732069461,P31
32,Castle Street Park, ,2025 E Fairmount Ave,"2025 EAST FAIRMOUNT AVE, BALTIMORE, MD, 21231",0.681619532054742,Y,BCRP,Mini Park,Y,,Patterson,13,Southeastern,46,Unknown,29691.4657592773,898.16748746024,57.1066035497284,91.2231723275151,1.49161596333876,0.0101672270869362,P32
33,Catherine Street Park, ,2311 Ashton St,"2311 ASHTON ST, BALTIMORE, MD, 21223",2.18553648611973,Y,BCRP,Neighborhood Park,Y,,Carroll,9,Southwestern,40,Unknown,95202.3500976563,1274.13925689335,12.7086314729631,84.3463891986547,1.13425256634084,0.0247897019991495,P33
34,Chestnut Hill Park, ,601 Chestnut Hill Ave,"601 CHESTNUT HILL AVE, BALTIMORE, MD, 21218",0.381223766864211,Y,BCRP,Mini Park,Y,,Clifton,14,Northern,43,Unknown,16606.1736450195,732.669034702532,32.0548930370224,77.4051000455912,35.9933228542104,0.137216198930716,P34
35,Chinquapin Run Park, ,6000 Chinquapin Pkwy,"6000 CHINQUAPIN PKWY, BALTIMORE, MD, 21239",80.9703282976623,Y,BCRP,Citywide Park,Y,,Clifton,"3,4",Northeastern,43,Unknown,3527081.60791016,25113.38104091,76.7098437465495,97.9091036584822,89.7500069922097,72.6714566786763,P35
36,City Springs Park, ,1600 E Baltimore St,"1600 EAST BALTIMORE ST, BALTIMORE, MD, 21231",3.84537549633482,Y,BCRP,Neighborhood Park,Y,,Patterson,12,Central,46,Unknown,167505.226623535,1631.42882307001,21.7521247791913,87.4725962053822,2.25023206074893,0.0865305645171488,P36
37,Clifton Park, ,2801 Harford Rd,"2801 HARFORD RD, BALTIMORE, MD, 21213",246.17815222129,Y,BCRP,Citywide Park,Y,,Clifton,12,Eastern,45,Yes,10723563.2053833,26590.1157289619,21.868381424523,91.7526817299103,6.03752092055525,14.8631763472508,P37
38,Coldstream Park, ,1401 Filmore St,"1401 FILLMORE ST, BALTIMORE, MD, 21218",3.44600022988802,Y,BCRP,Neighborhood Park,Y,,Clifton,14,Eastern,43,Unknown,150108.370422363,1899.89752521269,53.746779251299,79.745435711651,23.273145143115,0.801999051107074,P38
39,Collington Square Park, ,2131 E Hoffman St,"2131 EAST HOFFMAN ST, BALTIMORE, MD, 21213",5.65770257276972,Y,BCRP,Neighborhood Park,Y,,Patterson,13,Eastern,45,Unknown,246450.510070801,2124.61247961338,21.6221316481229,82.1788199503562,14.620619906765,0.827197806182522,P39
40,Columbus Park,Inner Harbor,300 President St,"300 PRESIDENT ST, BALTIMORE, MD, 21202",0.866271094387497,Y,Waterfront Partnership (BCRP),Citywide Park,Y,,Patterson,12,Central,46,Unknown,37734.9198608398,779.006172663999,29.2362239628253,43.6010832985956,19.1452000320223,0.16585066064138,P40
41,Congressional Medal Of Honor Traffic Island, ,1100 Park Ave,"1100 PARK AVE, BALTIMORE, MD, 21201",0.421091869037619,Y,BCRP,Green Space,Y,,Druid Hill,11,Western,40,Unknown,18342.8352661133,604.844786146136,53.2900538347382,83.0132610126147,51.327565136951,0.216137932464961,P41
42,Contee-Parago Park,Contee-Parago Traffic Island,280 Dolphin St,"280 DOLPHIN ST, BALTIMORE, MD, 21217",0.326375291200501,Y,BCRP,Mini Park,Y,,Druid Hill,11,Western,40,Unknown,14216.9644775391,503.487573041228,90.2025858686374,93.6606399552943,73.885721509035,0.24114666789826,P42
43,Conway Street Park, ,601 W Conway St,"601 WEST CONWAY ST, BALTIMORE, MD, 21230",2.11855836968071,Y,BCRP,Mini Park,Y,,Carroll,10,Southern,46,Unknown,92284.7719726563,1400.11874753139,47.4187089556932,94.2241224210218,91.5764162037071,1.94011535101352,P43
44,Candy Stripe Park,Cottage Avenue Park,3700 Cottage Ave (Rear),"3700 COTTAGE AVE, BALTIMORE, MD, 21215",0.533086099055836,Y,BCRP,Mini Park,Y,,Druid Hill,6,Northern,40,Unknown,23221.323425293,745.425293274179,41.6547964160993,52.4410455950055,30.5556841991128,0.162889408048226,P44
45,Cumberland & Carey Park, ,1641 N Carey St,"1641 NORTH CAREY ST, BALTIMORE, MD, 21217",1.18411310255852,Y,BCRP,Neighborhood Park,Y,,Gwynns Falls,7,Western,40,Unknown,51580.1731567383,976.572629185396,15.2108767448038,55.2390794170497,1.95888230076365,0.023195567551026,P45
46,Curtis Bay Park, ,4416 Curtis Ave,"4416 CURTIS AVE, BALTIMORE, MD, 21226",2.23669090783493,Y,BCRP,Neighborhood Park,Y,,Carroll,10,Southern,46,Unknown,97430.6455688477,1321.47416933037,12.5111664525529,56.7369927397091,0.796500464254856,0.0178153959875917,P46
47,Cylburn Arboretum, ,4915 Greenspring Ave,"4915 GREENSPRING AVE, BALTIMORE, MD, 21209",237.56912995546,Y,BCRP,Special Use - Facility,Y,,Druid Hill,6,Northern/Northwestern,41,Yes,10348552.6953735,29017.5469659186,84.0858760449295,95.122837248575,76.1401443646926,180.886925605095,P47
48,Daisy Field, ,N Monastery Ave & N Hilton St,"N MONASTERY AVE & N HILTON ST, BALTIMORE, MD, 21229",28.0016149764459,Y,BCRP,Neighborhood Park,Y,,Gwynns Falls,"8,9",Southwestern,40/41,Unknown,1219755.22747803,8907.15136262319,70.547234914182,97.260372042565,95.1530461325804,26.6446027725878,P48
49,Desoto Park, ,1600 Desoto Rd,"1600 DESOTO RD, BALTIMORE, MD, 21230",6.44516710641104,Y,BCRP,Neighborhood Park,Y,,Carroll,10,Southern,40,Unknown,280752.602172852,2432.54366232196,31.9720051607087,83.6378695514807,19.3450847134795,1.2468330112947,P49
50,Dewees Park, ,5501 Ivanhoe Ave,"5501 IVANHOE AVE, BALTIMORE, MD, 21212",15.8381467074398,Y,BCRP,Neighborhood Park,Y,,Clifton,4,Northern,43,Unknown,689912.430236816,4872.21107344573,14.3154326777258,95.2769605936392,1.30918926789312,0.207352975745798,P50
51,Douglas R. Morrison Park, ,1719 Park Ave (Rear),"1719 PARK AVE, BALTIMORE, MD, 21217",0.072681190900839,Y,BCRP,Green Space,Y,,Druid Hill,7,Western,40,Unknown,3166.00537109375,243.456050664253,69.3792678646175,99.2660095547785,0.544251805401633,0.000395571858230596,P51
52,Easterwood Park, ,1522 N Bentalou St,"1522 NORTH BENTALOU ST, BALTIMORE, MD, 21216",7.81925621774739,Y,BCRP,Neighborhood Park,Y,,Gwynns Falls,7,Western,40,Unknown,340608.163146973,2422.77384918879,38.0565701587947,93.8860337141852,1.72637320824425,0.134990624348919,P52
53,Eden & Eager Park, ,911 N Eden St,"911 NORTH EDEN ST, BALTIMORE, MD, 21205",0.715874994365516,Y,BCRP,Mini Park,Y,,Patterson,12,Central,45,Unknown,31183.6395263672,1242.84615419409,67.7692854866139,84.2147571870416,0.613402457981856,0.00439122994124969,P53
54,Edgecombe Park, ,2601 Edgecombe Cir N,"2601 EDGECOMBE CIR NORTH, BALTIMORE, MD, 21215",5.48996461728856,Y,BCRP,Neighborhood Park,Y,,Druid Hill,6,Northern,40,Yes,239143.815307617,1990.95428882491,81.586840192604,96.7864975386259,70.2660291998948,3.8576110018433,P54
55,Edgewood / Lyndhurst Park, ,835 Allendale St,"835 ALLENDALE ST, BALTIMORE, MD, 21229",7.25789323864234,Y,BCRP,Neighborhood Park,Y,,Gwynns Falls,8,Southwestern,41,Unknown,316155.094055176,2537.4692086251,39.5840199361735,87.5811250595937,13.5727078848216,0.98510052865373,P55
56,Elgin Park, ,2821 Gwynns Falls Pkwy,"2821 GWYNNS FALLS PKWY, BALTIMORE, MD, 21216",1.21628819339736,Y,BCRP,Green Space,Y,,Gwynns Falls,7,Western,40,Unknown,52981.7258300781,1070.19863363692,6.47507740168272,91.0132113470943,15.7702274919061,0.191812949554951,P56
57,Ellwood Avenue Park,Ellwood Park,420 N Ellwood Ave,"420 NORTH ELLWOOD AVE, BALTIMORE, MD, 21224",5.85826885134473,Y,BCRP,Neighborhood Park,Y,,Patterson,13,Southeastern,45,Unknown,255187.212097168,3719.27602498531,20.6897680743352,87.8873222299059,5.28633154467425,0.309689991772965,P57
58,Elm Park, ,3416 Elm Ave,"3416 ELM AVE, BALTIMORE, MD, 21211",0.263459890693282,Y,BCRP,Mini Park,Y,,Druid Hill,14,Northern,40,Unknown,11476.3587036133,433.376235177437,25.6573435366632,80.8351513632177,6.61318162722583,0.017423220471783,P58
59,Elmley Avenue Park, ,3347 Cliftmont Ave (Rear),"3347 CLIFTMONT AVE, BALTIMORE, MD, 21213",1.40879194344185,Y,BCRP,Mini Park,Y,,Clifton,13,Eastern,45,Unknown,61367.2223510742,1352.96083673528,21.1691103566798,69.8778141837235,8.78696101353234,0.123790989156962,P59
60,Eutaw Place Median Park, ,1200 - 2000 Eutaw Pl,"2000 EUTAW PL, BALTIMORE, MD, 21217",5.44280449247276,Y,BCRP,Neighborhood Park,Y,,Druid Hill,"7, 11",Western,40,Unknown,237089.511352539,7364.11411829325,61.6206910103395,88.7911391664378,63.4856917869957,3.45542972801491,P60
61,Evesham Avenue Park, ,Northern Pkwy & Clearspring Rd,"EAST NORTHERN PKWY & CLEARSPRING RD, BALTIMORE, MD, 21212",4.11381734262933,Y,BCRP,Neighborhood Park,Y,,Clifton,4,Northeastern,43,Unknown,179198.600646973,3468.9408030393,79.6851055164842,97.5380151377374,68.9654030204655,2.83713340686929,P61
62,Farring Baybrook Park,Duane Avenue Park,4501 Fairing Ct,"4501 FAIRING CT, BALTIMORE, MD, 21225",91.1842248724558,Y,BCRP,Citywide Park,Y,,Carroll,10,Southern,46,Unknown,3972000.7243042,20748.3362079299,26.6438712423924,90.0092499209472,22.2574721663995,20.2954658343736,P62
63,Fawcett & Hampden Park, ,401 Fawcett St,"401 FAWCETT ST, BALTIMORE, MD, 21211",0.124995922909855,Y,BCRP,Mini Park,Y,,Druid Hill,12,Northern,43,Unknown,5444.84436035156,289.36130754266,40.4231873021447,47.0281457499032,26.3470977324727,0.0329330614343669,P63
64,Federal Hill Park, ,300 Warren Ave,"300 WARREN AVE, BALTIMORE, MD, 21230",10.6384411482782,Y,BCRP,Citywide Park,Y,,Carroll,11,Southern,46,Yes,463412.349975586,3373.09488759414,23.7168591141461,89.574901601019,22.0829294426501,2.34929824690172,P64
65,Ferry Bar Park, ,2700 Light St,"2700 LIGHT ST, BALTIMORE, MD, 21230",0.569826639316129,Y,BCRP,Mini Park,Y,,Carroll,11,Southern,46,Unknown,24821.7474975586,646.238023572788,5.14804394184939,99.9999660701421,85.300396664905,0.486068272173467,P65
66,F. Scott Fitzgerald Park, ,1627 Bolton St,"1627 BOLTON ST, BALTIMORE, MD, 21217",0.299291282774468,Y,BCRP,Mini Park,Y,,Druid Hill,7,Western,40,Unknown,13037.180480957,462.395737599033,55.6209946142264,89.2473808319944,16.3097009069539,0.0488139035711584,P66
67,Florence Cummins Park, ,2501 Maisel St,"2501 MAISEL ST, BALTIMORE, MD, 21230",4.36850212090664,Y,BCRP,Neighborhood Park,Y,,Carroll,10,Southern,46,Unknown,190292.713500977,1726.43941155446,8.86267057389056,92.9030321630632,11.8316239455536,0.516868877937826,P67
68,Flowerton Road Park, ,4249 Flowerton Rd (Rear),"4249 FLOWERTON RD, BALTIMORE, MD, 21229",0.290314837250911,Y,BCRP,Mini Park,Y,,Gwynns Falls,8,Southwestern,41,Unknown,12646.1649169922,521.305193004468,36.8971983079022,90.6471220166785,31.1953546436671,0.0905654675851737,P68
69,Forest Park Golf Course, ,2900 Hillsdale Rd,"2900 HILLSDALE RD, BALTIMORE, MD, 21207",180.706047719294,Y,BCRP,Special Use - Facility,Y,,Gwynns Falls,8,Northwestern,41,Unknown,7871586.92578125,19920.2425638624,39.7529571520027,97.265370333286,22.486382122001,40.6345774833706,P69
70,Forrest Street Park, ,1100 Forrest St Park,"1100 FORREST ST, BALTIMORE, MD, 21202",0.265963520488439,Y,BCRP,Mini Park,Y,,Patterson,12,Central,45,Unknown,11585.4172973633,438.260413773147,30.5640637103288,34.5949373991825,7.08038870613126,0.0188314017178543,P70
71,Fort Armistead Park, ,4000 Hawkins Point Rd,"4000 HAWKINS POINT RD, BALTIMORE, MD, 21226",37.417358102662,Y,BCRP,Citywide Park,Y,,Carroll,10,Southern,46,Unknown,1629906.63861084,6695.17213458778,43.9183670363976,84.2384714824597,82.5406888188857,30.8847921933627,P71
72,Fort Holabird Park,Cimaglia Park,6401 Beckley St,"6401 BECKLEY ST, BALTIMORE, MD, 21224",45.8035222018322,Y,BCRP,Citywide Park,Y,,Patterson,1,Southeastern,46,Unknown,1995209.40740967,12859.011562746,45.2962154231709,89.6203843794788,39.3127160372286,18.0067526718445,P72
73,Fox Street Park, ,310 W 28th St,"310 WEST 28TH ST, BALTIMORE, MD, 21211",0.0461021823979711,Y,BCRP,Green Space,Y,,Druid Hill,14,Northern,43,Unknown,2008.21899414063,192.490330329556,0.145461639173359,65.7583572421111,,,P73
74,Francis X. Gallagher Park, ,3350 Dulany St,"3350 DULANY ST, BALTIMORE, MD, 21229",2.6074202599285,Y,BCRP,Green Space,Y,,Carroll,"9,10",Southwestern,41,Unknown,113579.680725098,1377.47380631561,94.239126269469,98.7521196310792,76.5736694593112,1.9966133441116,P74
75,Franklin Square Park, ,1301 W Lexington St,"1301 WEST LEXINGTON ST, BALTIMORE, MD, 21223",2.94031754021423,Y,BCRP,Neighborhood Park,Y,,Gwynns Falls,9,Southwestern,40,Unknown,128080.744262695,1415.62726508827,49.7353088115519,82.0949799191763,73.8817995517831,2.17237689020998,P75
76,Garrett Park, ,3560 3rd St,"3560 3RD ST, BALTIMORE, MD, 21225",7.79878543995354,Y,BCRP,Neighborhood Park,Y,,Carroll,10,Southern,46,Yes,339716.452880859,2375.77705914561,18.6017118140403,85.5142724081436,3.76151604295185,0.293354912311503,P76
77,Gateway Park, ,101 Key Hwy,"101 KEY HWY, BALTIMORE, MD, 21230",0.617336133190519,Y,BCRP,Green Space,Y,,Carroll,11,Central,46,Unknown,26891.26953125,827.911456190194,23.1806097566626,78.1440747102479,1.74481595117931,0.0107714654957672,P77
78,Greenspring Avenue Park, ,2336 Druid Park Dr,"2336 DRUID PARK DR, BALTIMORE, MD, 21215",8.15455766736287,Y,BCRP,Forest,Y,,Druid Hill,6,Northern,40,Unknown,355213.952636719,3281.42647854947,98.1368571385048,99.8606871596573,91.2508204669399,7.44116030602224,P78
79,Ridgley's Cove,Gwynns Falls Trail South,2100 Haines St,"2100 HAINES ST, BALTIMORE, MD, 21230",10.2312897691089,Y,BCRP,Green Space,Y,,Carroll,10,Southern,46,Unknown,445676.764526367,6697.863118296,55.210058031724,92.2141543011877,53.7529423449028,5.49966328790335,P79
80,Hadley Square Park, ,5 E 39th St,"5 EAST 39TH ST, BALTIMORE, MD, 21218",0.701072590048321,Y,BCRP,Green Space,Y,,Clifton,14,Northern,43,Unknown,30538.8444213867,1154.28832258621,50.2110327746303,97.8125254246009,27.686678869086,0.19410526948336,P80
81,Hanlon Park, ,2731 N Longwood St,"2731 NORTH LONGWOOD ST, BALTIMORE, MD, 21216",85.2417599194792,Y,BCRP,Citywide Park,Y,,Gwynns Falls,7,Northwestern,40,Unknown,3713145.91491699,10424.4167660131,32.4025270349403,97.5648560703454,60.5797959213222,51.6396973153031,P81
82,Harlem & Dennison Park, ,3421 Harlem Ave,"3421 HARLEM AVE, BALTIMORE, MD, 21229",0.646040438914988,Y,BCRP,Green Space,Y,,Gwynns Falls,8,Southwestern,41,Unknown,28141.6340942383,735.656922063711,13.6832418349821,81.5083185256074,17.9013803068506,0.115651081112092,P82
83,Harlem Inner Block Park A 84,Harlem Inner Block Parks,1808 1/2 W Lanvale St,"1808 1/2 WEST LANVALE ST, BALTIMORE, MD, 21217",0.220000262460683,Y,BCRP,Green Space,Y,,Gwynns Falls,9,Western,40,Unknown,9583.24969482422,699.086745745337,61.5002112072185,76.3574978713389,3.01970740554848,0.00664341736493079,P83
84,Harlem Inner Block Park D 87,Harlem Inner Block Parks,1511 W Lafayette Ave,"1511 WEST LAFAYETTE AVE, BALTIMORE, MD, 21217",0.292646239027075,Y,BCRP,Mini Park,Y,,Gwynns Falls,9,Western,40,Unknown,12747.7210693359,437.306280074041,26.3653451622499,90.413187432111,64.7233011042134,0.189411821745678,P84
85,Harlem Inner Block Park F 90,Harlem Inner Block Parks,1215 W Lafayette Ave,"1215 WEST LAFAYETTE AVE, BALTIMORE, MD, 21217",0.248045938236491,Y,BCRP,Mini Park,Y,,Gwynns Falls,9,Western,40,Unknown,10804.9243774414,753.190869940207,76.3230941783608,94.5854299606247,55.929624174239,0.138732270889972,P85
86,Harlem Inner Block Park H 96,Harlem Inner Block Parks,1801 W Lanvale St,"1801 WEST LANVALE ST, BALTIMORE, MD, 21217",0.245918407865151,Y,BCRP,Green Space,Y,,Gwynns Falls,9,Western,40,Unknown,10712.2484741211,825.999517712968,56.800483166682,66.8416215897225,0.103468673209906,0.000254450549395285,P86
87,Harlem Inner Block Park K 101,Harlem Inner Block Parks,1300 Harlem Ave,"1300 HARLEM AVE, BALTIMORE, MD, 21217",0.254307789069479,Y,BCRP,Green Space,Y,,Gwynns Falls,9,Western,40,Unknown,11077.6916503906,609.198864486603,93.5471613675557,97.0522986023683,61.9907946199662,0.157648680410297,P87
88,Harlem Inner Block Park L 102,Harlem Inner Block Parks,1201 W Lanvale St,"1201 WEST LANVALE ST, BALTIMORE, MD, 21217",0.347053675081493,Y,BCRP,Mini Park,Y,,Gwynns Falls,9,Western,40,Unknown,15117.7186279297,911.707573312638,90.5864448194518,95.5738028930654,56.1241889071441,0.194782618468196,P88
89,Harlem Inner Block Park N 104,Harlem Inner Block Parks,711 N Arlington Ave,"711 NORTH ARLINGTON AVE, BALTIMORE, MD, 21217",0.817655184821314,Y,BCRP,Green Space,Y,,Gwynns Falls,9,Western,40,Unknown,35617.2026367188,1180.26070901458,57.325989887533,80.9929224711639,24.168255955973,0.197614578816787,P89
90,Harlem Inner Block Park P 110,Harlem Inner Block Parks,610 N Vincent St,"610 NORTH VINCENT ST, BALTIMORE, MD, 21217",0.208180498525649,Y,BCRP,Green Space,Y,,Gwynns Falls,9,Western,40,Unknown,9068.37884521484,540.888989848658,22.1463878944329,85.3171112558907,,,P90
91,Harlem Inner Block Park R 113,Harlem Inner Block Parks,1211 Harlem Ave,"1211 HARLEM AVE, BALTIMORE, MD, 21217",0.564556537492055,Y,BCRP,Green Space,Y,,Gwynns Falls,9,Western,40,Unknown,24592.1809692383,1121.23239150445,75.1193977395361,97.3127868888818,34.6615411214278,0.195685561876316,P91
92,Harlem Inner Block Park U 120,Harlem Inner Block Parks,1820 Lauretta Ave,"1820 LAURETTA AVE, BALTIMORE, MD, 21223",0.638062446818613,Y,BCRP,Green Space,Y,,Gwynns Falls,9,Western,40,Unknown,27794.1112060547,1300.80448040876,47.8362787965948,68.3415567665623,19.629520789082,0.1252496026394,P92
93,Harlem Inner Block Park V 121,Harlem Inner Block Parks,1724 W Franklin St,"1724 WEST FRANKLIN ST, BALTIMORE, MD, 21223",0.770827103275943,Y,BCRP,Green Space,Y,,Gwynns Falls,9,Western,40,Unknown,33577.3628540039,1006.16839160323,41.2705558473329,82.0030939276083,61.0437997473538,0.470545917678143,P93
94,Harlem Inner Block Park W 122,Harlem Inner Block Parks,513 N Mount St,"513 NORTH MOUNT ST, BALTIMORE, MD, 21223",0.641201594760235,Y,BCRP,Green Space,Y,,Gwynns Falls,9,Western,40,Unknown,27930.8533325195,1039.80406868477,63.7991688025021,92.2890517373365,48.158807529749,0.30879751227095,P94
95,Harlem Inner Block Park ZB 126,Harlem Inner Block Parks,1201 Edmondson Ave,"1201 EDMONDSON AVE, BALTIMORE, MD, 21223",0.321625483134742,Y,BCRP,Green Space,Y,,Gwynns Falls,9,Western,40,Unknown,14010.0620117188,456.863957868476,99.5260980253512,99.9795950857756,85.5403395508191,0.275121731322668,P95
96,Harlem Square Park, ,1500 Edmondson Ave,"1500 EDMONDSON AVE, BALTIMORE, MD, 21223",3.88478708409334,Y,BCRP,Neighborhood Park,Y,,Gwynns Falls,9,Western,40,Unknown,169222.002258301,1627.82218859447,59.7150378030009,93.5197532257315,74.6331178848072,2.89936091886292,P96
97,Harwood Avenue Park,Harwood Park,420 E 27th St,"420 EAST 27TH ST, BALTIMORE, MD, 21218",0.366425328380141,Y,BCRP,Mini Park,Y,,Clifton,14,Northern,43,Unknown,15961.5512084961,641.697962967719,53.6062752660025,66.9542691035485,0.231771557703031,0.000849276485596601,P97
98,Heath Street Park, ,1701 S Charles St,"1701 SOUTH CHARLES ST, BALTIMORE, MD, 21230",0.108571409272751,Y,BCRP,Green Space - Garden,Y,,Carroll,10,Southern,46,Unknown,4729.38946533203,309.947888958437,15.1590540588183,57.0912713337889,,,P98
99,Helen Mackall Park, ,600 Braddish Ave,"600 BRADDISH AVE, BALTIMORE, MD, 21216",3.08516877810298,Y,BCRP,Neighborhood Park,Y,,Gwynns Falls,9,Western,40,Unknown,134390.489501953,1727.19974154447,22.2932288577296,90.1136019742669,8.78897248461593,0.271156804259359,P99
100,Henry H. Garnet Park, ,415 W Lafayette Ave,"415 WEST LAFAYETTE AVE, BALTIMORE, MD, 21217",0.493669426060218,Y,BCRP,Mini Park,Y,,Druid Hill,11,Western,40,Yes,21504.3264160156,602.303454314925,18.9147205918858,78.4160887321001,7.11551051980318,0.0351273809625714,P100
101,Henry Street Park, ,1240 Henry St,"1240 HENRY ST, BALTIMORE, MD, 21230",0.311314799441242,Y,BCRP,Green Space,Y,,Carroll,11,Southern,46,Unknown,13560.9268798828,471.437737651554,38.0127594929947,87.6167692907145,14.9453375108199,0.046527419715867,P101
102,Herring Run Park, ,Harford Rd & Argonne Dr,"HARFORD RD & ARGONNE DR, BALTIMORE, MD, 21214",387.908608410798,Y,BCRP,Citywide Park,Y,,Clifton,"2,3,13,14",Eastern/Northeastern/Southeastern,43/45,Unknown,16897366.571106,58420.7554543202,66.6434358685159,98.4062055506364,91.9891744649586,356.836781241288,P102
103,Hilton Park, ,3100 Phelps La,"3100 PHELPS LN, BALTIMORE, MD, 21229",8.46811356686888,Y,BCRP,Neighborhood Park,Y,,Gwynns Falls,9,Southwestern,40,Unknown,368872.502380371,2746.22140578369,42.0303857372631,90.1566064841542,21.1509096040847,1.79109737443568,P103
104,Hoes Heights Park, ,1024 W 43rd St,"1024 WEST 43RD ST, BALTIMORE, MD, 21211",0.452277056210439,Y,BCRP,Mini Park,Y,,Druid Hill,14,Northern,40,Unknown,19701.2673950195,899.806650566432,59.053573489711,96.4982353066318,13.0007094236091,0.0587996962637313,P104
105,Howard's Park,Howard & Centre Park,310 W Centre St,"310 WEST CENTRE ST, BALTIMORE, MD, 21201",0.628876096444458,Y,BCRP,Special Use - Facility,Y,,Carroll,11,Central,40,Unknown,27393.952331543,870.519392704546,44.1780285575619,75.8401149650064,8.07041746822338,0.0507533323663758,P105
106,Howard St. Park, ,N Howard St and Dolphin St,"N HOWARD ST & DRUID HILL AVE, BALTIMORE, MD, 21201",0.073995211507114,Y,BCRP,Green Space,Y,,Carroll,11,Central,40,Unknown,3223.24432373047,244.644011479053,35.2642017062866,35.264201706174,4.67498145439734,0.00345929008933735,P106
107,Hudson & Potomac Street Park,Two Rivers Park,903 S Curley St,"903 SOUTH CURLEY ST, BALTIMORE, MD, 21224",0.0809724949083445,Y,BCRP,Green Space,Y,,Patterson,1,Southeastern,46,Unknown,3527.17596435547,386.06106983185,21.8352785165666,48.0929194671087,,,P107
108,Hull Street Park, ,900 Hull St,"900 HULL ST, BALTIMORE, MD, 21230",0.06988269253589,Y,BCRP,Green Space,Y,,Carroll,11,Southern,46,Unknown,3044.10217285156,222.711473924165,49.6670864080475,59.2862838973862,0.0227456956739755,1.58954317360659e-05,P108
109,Hyde Park, ,3214 Wylie Ave,"3214 WYLIE AVE, BALTIMORE, MD, 21215",0.874167942878258,Y,BCRP,Mini Park,Y,,Druid Hill,6,Northern,40,Unknown,38078.9078369141,802.114058746469,47.130663862775,94.5577066733523,45.3011883669515,0.396011634530357,P109
110,Indiana Ave Park, ,2810 Indiana Ave,"2810 INDIANA ST, BALTIMORE, MD, 21230",1.05969823216394,Y,BCRP,Mini Park,Y,,Carroll,10,Southern,46,Unknown,46160.6395874023,976.353461383808,20.8172141668551,94.5646856221284,20.5153245961833,0.217402271281401,P110
111,Irvin Luckman Park, ,2809 Glen Ave,"2809 GLEN AVE, BALTIMORE, MD, 21215",6.09964962314404,Y,BCRP,Neighborhood Park,Y,,Druid Hill,5,Northwestern,41,Unknown,265701.800720215,2250.44059607746,89.1541927584755,97.8925790151318,61.93374334224,3.77777156445579,P111
112,Irvington Park, ,342 Martingale Ave,"342 MARTINGALE AVE, BALTIMORE, MD, 21229",12.5177590598322,Y,BCRP,Neighborhood Park,Y,,Gwynns Falls,8,Southwestern,41,Unknown,545275.766052246,4721.6240953509,51.8159962699857,98.7382065867974,34.747678016468,4.34966541020663,P112
113,Jack Paulsen Park,Lucille Park,4700 Reisterstown Rd,"4700 REISTERSTOWN RD, BALTIMORE, MD, 21215",6.726742180074,Y,BCRP,Neighborhood Park,Y,,Druid Hill,6,Northern/Northwestern,40,Unknown,293018.061706543,3540.08886737375,19.7070297315302,79.4898222147869,9.42412470534616,0.633941643175226,P113
114,Janney Street Park, ,140 N Janney St,"140 NORTH JANNEY ST, BALTIMORE, MD, 21224",1.70687051140288,Y,BCRP/Pompeian INC,Mini Park,Partially,,Patterson,1,Southeastern,46,Unknown,74351.5767211914,1293.88259957251,43.8475229003916,81.7596802588027,57.8362314028049,0.987197476277326,P114
115,Johnston Square Park, ,800 E Biddle St,"800 EAST BIDDLE ST, BALTIMORE, MD, 21202",3.01804074162195,Y,BCRP,Neighborhood Park,Y,,Patterson,12,Central,45,Unknown,131466.380493164,1443.7476563687,6.33511237522719,80.2652281746846,4.75335029645217,0.143459196209061,P115
116,Joseph E. Lee Park, ,6200 E Pratt St,"6200 EAST PRATT ST, BALTIMORE, MD, 21224",24.3182214503484,Y,BCRP,Neighborhood Park,Y,,Patterson,2,Southeastern,46,Unknown,1059305.96380615,5150.22554740846,10.2883106574187,95.8078822046555,0.37419398227835,0.0909980492465368,P116
117,Kevin & Woodridge Park, ,4210 Woodridge Rd,"4210 WOODRIDGE RD, BALTIMORE, MD, 21229",0.582595568806124,Y,BCRP,Mini Park,Y,,Gwynns Falls,8,Southwestern,41,Unknown,25377.9645385742,640.698276261373,15.8516773379879,80.7370996188003,17.2258873952631,0.100358059514403,P117
118,Keyes Park, ,3401 Taylor Ave,"3401 TAYLOR AVE, BALTIMORE, MD, 21234",13.569469468351,Y,BCRP,Neighborhood Park,Y,,Clifton,2,Northeastern,45,Unknown,591088.454650879,4263.06338700088,50.8419537058174,95.3964792936455,27.3967151307,3.71761863585129,P118
119,Keyworth Ave Park, ,2610 Keyworth Ave (Rear),"2610 KEYWORTH AVE, BALTIMORE, MD, 21215 (REAR)",0.198876165290829,Y,BCRP,Mini Park,Y,,Druid Hill,6,Northern,40,Unknown,8663.08044433594,381.036462888505,24.6687975719675,45.3971252489798,4.97482931448161,0.00989382892079897,P119
120,Kimberleligh Road Park, ,4714 Kimberleigh Rd,"4716 KIMBERLEIGH RD, BALTIMORE, MD, 21212",0.275160882661639,Y,BCRP,Mini Park,Y,,Clifton,4,Northeastern,43,Unknown,11986.0560302734,450.795404806465,9.92362986397839,22.94184998768,,,P120
121,King & Kennedy Park,Barclay Park/Calvert St Park,2209 Hunter St,"2209 HUNTER ST, BALTIMORE, MD, 21218",0.266262966969938,Y,BCRP,Neighborhood Park,Y,,Clifton,12,Eastern,43,Unknown,11598.4613037109,650.066022624448,53.601562579994,63.4318831348865,13.54495579641,0.03606548970134,P121
122,Lafayette & Aiken Park, ,1800 Aiken St,"1800 AIKEN ST, BALTIMORE, MD, 21213",0.159172474844777,Y,BCRP,Mini Park,Y,,Patterson,12,Eastern,45,Unknown,6933.58074951172,344.272615411236,20.3099794750006,29.8330925072163,0.465709586571147,0.000741287404816124,P122
123,Lafayette & Payson Park, ,2001 W Lafayette Ave,"2001 WEST LAFAYETTE AVE, BALTIMORE, MD, 21217",0.399349885492786,Y,BCRP,Mini Park,Y,,Gwynns Falls,9,Western,40,Unknown,17395.7506103516,548.09910635887,11.8099408279765,33.006551282424,1.67707984530299,0.00669747002143953,P123
124,Lafayette Square Park, ,816 N Arlington Ave,"816 NORTH ARLINGTON AVE, BALTIMORE, MD, 21217",3.34177426518408,Y,BCRP,Neighborhood Park,Y,,Gwynns Falls,9,Western,40,Unknown,145568.269287109,1513.17191669847,65.2938822729861,93.0784464784873,61.1318782266443,2.04290571759838,P124
125,Lakeland Park,Wegworth Park,2761 Wegworth La,"2761 WEGWORTH LN, BALTIMORE, MD, 21230",12.5499163533583,Y,BCRP,Neighborhood Park,Y,,Carroll,10,Southern,46,Yes,546676.543212891,3139.63332669946,40.2839726297565,94.7939755982841,35.1368893677315,4.40968550220052,P125
126,Latrobe Park, ,1529 Fort Ave,"1529 EAST FORT AVE, BALTIMORE, MD, 21230",18.0555186428417,Y,BCRP,Neighborhood Park,Y,,Carroll,11,Southern,46,Unknown,786501.538024902,4185.89690561602,23.2966368225284,86.2398573359876,2.28829195199687,0.413166285315807,P126
127,Lehigh & Gough Park,Gloria Hertzfelt Playground ,4500 Gough St,"4500 GOUGH ST, BALTIMORE, MD, 21224",0.0863192597834041,Y,BCRP,Mini Park,Y,,Patterson,1,Southeastern,46,Unknown,3760.08197021484,265.986358297364,23.7559630876399,33.0691626065414,26.9708620439918,0.0232812347228959,P127
128,Little Lithuania Park, ,836 Hollins St,"836 HOLLINS ST, BALTIMORE, MD, 21201",0.788224562739441,Y,BCRP,Mini Park,Y,,Gwynns Falls,9,Southwestern,40,Unknown,34335.19921875,752.265456515698,49.898300576266,89.2400601603491,16.7724819459632,0.132205880122988,P128
129,Lower Gwynns Falls Park, ,525 Hurley Ave,"525 HURLEY AVE, BALTIMORE, MD, 21223",16.0899125630665,Y,BCRP,Neighborhood Park,Y,,Gwynns Falls,"9,10",Southwestern,40,Unknown,700879.394470215,4182.14793294382,47.1291408678713,95.3038461124525,32.1005150004328,5.16498611562867,P129
130,Luzerne Ave Park, ,2601 E Biddle St (rear),"2601 EAST BIDDLE ST, BALTIMORE, MD, 21213 (REAR)",0.625463131191521,Y,BCRP,Mini Park,Y,,Patterson,13,Southeastern,45,Unknown,27245.2829589844,660.491398522474,12.4998733271705,50.4863779092669,0.220216837210473,0.00137738614448366,P130
131,Madison & Whitelock Park, ,2325 Madison Ave,"2325 MADISON AVE, BALTIMORE, MD, 21217",0.367247147697895,Y,BCRP,Mini Park,Y,,Druid Hill,7,Western,40,Unknown,15997.3497314453,521.25365257747,23.3262770071861,28.4431232305427,0.850067136122543,0.00312187228583058,P131
132,Madison Square Park,"Nathan C. Irby, Jr. Park ",1050 N Caroline St,"1050 NORTH CAROLINE ST, BALTIMORE, MD, 21205",4.62558529913126,Y,BCRP,Neighborhood Park,Y,,Patterson,12,Central,45,Unknown,201491.301635742,1806.90606992132,25.0089168806252,91.0146143733089,45.6664615560778,2.11235803118492,P132
133,Maisel Street Park, ,1900 Maisel St,"1900 MAISEL ST, BALTIMORE, MD, 21230",6.8549300816726,Y,BCRP,Forest,Y,,Carroll,10,Southern,40,Unknown,298601.94909668,3184.78240889365,79.4570585112936,91.152240995729,77.8235963213833,5.33479579311226,P133
134,Maple Leaf Park, ,709 W North Ave,"709 WEST NORTH AVE, BALTIMORE, MD, 21217",1.29490066711457,Y,BCRP,Mini Park,Y,,Druid Hill,7,Western,40,Unknown,56406.0986328125,1267.83809047921,62.9228461261939,86.0656254364555,74.2433076822067,0.961384777519963,P134
135,McMechen & Etting Park, ,520 McMechen St,"520 MCMECHEN ST, BALTIMORE, MD, 21217",0.88140288939265,Y,BCRP,Mini Park,Y,,Druid Hill,7,Western,40,Unknown,38394.0635986328,1532.68763365731,71.9868998769674,87.3395870691952,19.248913202758,0.169661834436396,P135
136,Miles Ave Park, ,2657 Miles Ave,"2657 MILES AVE, BALTIMORE, MD, 21211",0.0657468342068265,Y,BCRP,Green Space,Y,,Druid Hill,12,Northern,43,Unknown,2863.94354248047,215.260706107609,39.9833853945097,92.0962429477991,2.84816828769594,0.00187259546276162,P136
137,Montebello Park, ,2920 Harford Rd,"2920 HARFORD RD, BALTIMORE, MD, 21218",0.942298958517004,Y,BCRP,Mini Park,Y,,Clifton,14,Eastern,45,Unknown,41046.7067871094,813.437161091596,44.1085456135223,87.8017712970408,2.31399012380547,0.0218048792753161,P137
138,Montpelier & 30th Street Park, ,801 Montpelier St (Rear),"801 MONTPELIER ST, BALTIMORE, MD, 21218 (REAR)",1.45836104870758,Y,BCRP,Green Space,Y,,Clifton,14,Northern,43,Unknown,63526.4616088867,1151.14941306878,35.60521060387,97.9924496164907,9.87440905759182,0.144005687528016,P138
139,Moore's Run Park, ,4901 Denview Way,"4901 DENVIEW WAY, BALTIMORE, MD, 21206",68.8600515502227,Y,BCRP,Forest,Y,,Clifton,2,Northeastern,45,Unknown,2999555.84399414,20369.4307953733,74.240097065015,97.3724698186676,82.2460588778893,56.6351316210348,P139
140,Morrell Park, ,2415 Tolley St,"2415 TOLLEY ST, BALTIMORE, MD, 21230",14.5265307195625,Y,BCRP,Neighborhood Park,Y,,Carroll,10,Southern,40,Unknown,632778.209289551,4862.4917334024,51.0715333600244,86.6947345983985,24.0700372397895,3.49656932631884,P140
141,"Mosher, Franklintown & Rosedale", ,N Franklintown Rd & Mosher St,"NORTH FRANKLINTOWN RD & MOSHER ST, BALTIMORE, MD, 21216",1.03461423846979,Y,BCRP,Green Space,Y,,Gwynns Falls,9,Western,40,Unknown,45067.9767456055,1587.38260856233,27.7738786312239,88.7713534473863,83.7497190639235,0.866493450040608,P141
142,Mount Olivet & Phelps Lane, ,2905 W Baltimore St,"2905 WEST BALTIMORE ST, BALTIMORE, MD, 21223",6.0722183532471,Y,BCRP,Neighborhood Park,Y,,Gwynns Falls,9,Southwestern,40,Unknown,264506.889526367,3918.97780505432,27.8636530920874,93.1003759523262,23.2997695799979,1.41482420326059,P142
143,Lady Baltimore Park,Mount Royal Terrace Park,Mount Royal Ter & Lennox St,"MOUNT ROYAL TER & LENNOX ST, BALTIMORE, MD, 21217",1.91687160102382,Y,BCRP,Green Space,Y,,Druid Hill,7,Western,40,Unknown,83499.260559082,2288.29346003593,78.2612972123499,96.8679916690212,58.0871136024857,1.11346429218811,P143
144,Mount Vernon Square Park,Mount Vernon Place,1 W Mt Vernon Pl,"1 WEST MOUNT VERNON PL, BALTIMORE, MD, 21201",2.32450285308707,Y,BCRP,Civic Space,Y,,Carroll,11,Central,46,Unknown,101255.749145508,2975.03841369483,47.5627727547687,74.8229024621603,44.9136980778852,1.04402854545066,P144
145,Mullan Park, ,4000 Old York Rd,"4000 OLD YORK RD, BALTIMORE, MD, 21218",1.06614237088823,Y,BCRP,Neighborhood Park,Y,,Clifton,4,Northern,43,Unknown,46441.3473510742,1284.02143458929,32.9791406832936,92.1112847812172,47.7776934111358,0.509382308335437,P145
146,Mund Park, ,2323 Greenmount Ave,"2323 GREENMOUNT AVE, BALTIMORE, MD, 21218",1.91915942635019,Y,BCRP,Neighborhood Park,Y,,Clifton,12,Eastern,43,Unknown,83598.9189453125,1260.54181402743,6.85251773534726,65.2358539671475,6.59725527986238,0.126612859483702,P146
147,Newington Avenue Park, ,699 Newington Ave,"699 NEWINGTON AVE, BALTIMORE, MD, 21217",0.110790672619203,Y,BCRP,Mini Park,Y,,Druid Hill,7,Western,40,Unknown,4826.06097412109,322.023626675694,90.2663706912278,98.9941271140473,,,P147
148,North & Woodbrook Park, ,1400 W North Ave,"1400 WEST NORTH AVE, BALTIMORE, MD, 21217",0.157135677339174,Y,BCRP,Green Space,Y,,Druid Hill,7,Western,40,Unknown,6844.857421875,476.087256541672,86.9020565969823,87.5049064598953,5.58913718180383,0.00878259882862292,P148
149,North Harford Park, ,6800 Hamlet Ave,"6800 HAMLET AVE, BALTIMORE, MD, 21234",9.08773662674118,Y,BCRP,Neighborhood Park,Y,,Clifton,3,Northeastern,45,Unknown,395863.390869141,2607.55934478181,3.7033446127193,85.3576479177108,0.221666582607552,0.0201446363734795,P149
150,Northwest Park, ,2101 W Rogers Ave,"2101 WEST ROGERS AVE, BALTIMORE, MD, 21209",47.5763679898,N,State of Maryland,Alternate Provider - Neighborhood Park,N,,Druid Hill,5,Northwestern,41,Yes,2072426.58947754,7511.74987830178,65.4390897471901,97.0282178590432,48.9705826537089,23.2985178040607,P150
151,O'Donnell Square Park, ,1021 S Linwood Ave,"1021 SOUTH LINWOOD AVE, BALTIMORE, MD, 21224",0.662680721644252,Y,BCRP,Mini Park,Y,,Patterson,1,Southeastern,46,Unknown,28866.4878540039,872.981030090628,29.1012496072795,76.6933851152647,25.1776970140587,0.166849079054796,P151
152,Oliver Park, ,1301 E Lanvale St,"1301 EAST LANVALE ST, BALTIMORE, MD, 21213",1.38337578975001,Y,BCRP,Neighborhood Park,Y,,Patterson,12,Eastern,45,Unknown,60260.0904541016,1052.42327078469,8.83593317666251,50.0595466990028,1.84934598281741,0.0255836092632705,P152
153,Orangeville Park, ,1000 N Janney St,"1000 NORTH JANNEY ST, BALTIMORE, MD, 21205",0.308833296857755,Y,BCRP,Mini Park,Y,,Patterson,13,Eastern,45,Unknown,13452.8322143555,458.534980087751,83.6894806274069,91.3580847573363,28.3157618906096,0.0874492005686671,P153
154,Pall Mall & Shirley, ,3902 Pall Mall Rd,"3902 PALL MALL RD, BALTIMORE, MD, 21215",0.520672513410217,Y,BCRP,Mini Park,Y,,Druid Hill,6,Northern,40,Unknown,22680.5853271484,658.202712064869,49.4218783283466,82.6789064907477,34.6451449140468,0.18038918990777,P154
155,Pauline Faunteroy, ,1335 N Stricker St,"1335 NORTH STRICKER ST, BALTIMORE, MD, 21217",3.06563921946879,Y,BCRP,Neighborhood Park,Y,,Gwynns Falls,7,Western,40,Unknown,133539.778503418,1645.83690722694,38.7396025459581,96.0831835338183,15.1795770145201,0.465354789133742,P155
156,Pearlstone Park, ,1001 N Howard St,"1001 NORTH HOWARD ST, BALTIMORE, MD, 21201",2.16743134263736,Y,BCRP,Mini Park,Y,,Carroll,11,Central,40,Unknown,94413.6871948242,1665.97813524083,46.6471392976741,85.9810695086822,63.1845730881618,1.36949319673713,P156
157,Penhurst Park, ,4004 Penhurst Ave,"4004 PENHURST AVE, BALTIMORE, MD, 21215",1.38933421351722,Y,BCRP,Neighborhood Park,Y,,Gwynns Falls,6,Northwestern,41,Unknown,60519.640625,1007.44716603704,70.3487212754195,96.893439342507,62.4790976764217,0.868050424697931,P157
158,Penn & Melvin Street Park,Melvin St Tot Lot,655 Melvin Dr,"655 MELVIN DR, BALTIMORE, MD, 21230",0.353373928374252,Y,BCRP,Mini Park,Y,,Carroll,10,Southern,46,Unknown,15393.0299682617,529.82589368319,26.4903742819849,39.3219667659193,15.8043913233947,0.0558490452661411,P158
159,Pennsylvania Triangle Park, ,2000 Pennsylvania Ave,"2000 PENNSYLVANIA AVE, BALTIMORE, MD, 21217",0.589862630120193,Y,BCRP,Civic Space,Y,,Gwynns Falls,7,Western,40,Unknown,25694.5186767578,813.208055254205,40.3452762765451,55.0449200232311,17.8596845681704,0.105348447910035,P159
160,Pentwood Park, ,1500 Pentwood Rd,"1500 PENTWOOD RD, BALTIMORE, MD, 21239",2.07651409036134,Y,BCRP,Green Space,Y,,Clifton,3,Northeastern,43,Unknown,90453.3153686523,2629.83395353805,69.6876369659547,96.3242170507968,28.7258793681121,0.596501704658368,P160
161,Perring Parkway / Pioneer Drive, ,6301 Perring Pkwy,"6301 PERRING PKWY, BALTIMORE, MD, 21214",7.79989466199317,Y,BCRP,Forest,Y,,Clifton,3,Northeastern,45,Unknown,339764.770568848,3998.34870770089,60.0480534471561,95.6694224630181,91.4678494571587,7.13445298270151,P161
162,Pleasant Place Park, ,3901 Pleasant Pl,"3901 PLEASANT PL, BALTIMORE, MD, 21211",0.402199967959329,Y,BCRP,Green Space,Y,,Druid Hill,14,Northern,40,Unknown,17519.9006958008,667.462995147901,40.0998838133669,88.7371423928747,3.86116854675826,0.0155297428954878,P162
163,Poplar Terrace Park, ,3001 Poplar Ter,"3001 POPLAR TER, BALTIMORE, MD, 21216",0.0884359625603759,Y,BCRP,Mini Park,Y,,Gwynns Falls,7,Northwestern,40,Unknown,3852.28594970703,260.445280770663,43.8076592938953,93.028885260054,,,P163
164,Powder Mill Park, ,5700 Liberty Heights & Perring Pkwy,"5700 LIBERTY HEIGHTS AVE, BALTIMORE, MD, 21207",77.4110038373848,Y,BCRP,Forest,Y,,Gwynns Falls,"5,8",Northwestern,41,Unknown,3372036.81451416,17401.0474911245,96.5674441945948,98.4909913495847,94.5270213049441,73.1749014871915,P164
165,Queensbury Park, ,3009 Spaulding Ave (Rear),"3009 SPAULDING AVE, BALTIMORE, MD, 21215",1.1726846811638,Y,BCRP,Mini Park,Y,,Druid Hill,6,Northern,41,Unknown,51082.3489990234,986.371198161323,7.95999936304207,77.9095815037492,1.52345688068657,0.0178654883874256,P165
166,Quinton Street Park, ,400 Quinton St,"400 QUINTON ST, BALTIMORE, MD, 21224",3.15906963224676,Y,BCRP,Neighborhood Park,Y,,Patterson,2,Southeastern,46,Unknown,137609.623596191,2414.82219106685,48.8431303850854,84.1762891484135,79.7788352452983,2.52028911944686,P166
167,Radecke Park, ,5602 Radecke Ave,"5602 RADECKE AVE, BALTIMORE, MD, 21206",15.9666036688692,Y,BCRP,Neighborhood Park,Y,,Clifton,2,Northeastern,45,Unknown,695508.038024902,5796.30916098286,25.1493036396069,93.4384806273426,28.4798657052997,4.54730366091155,P167
168,Reedbird Park, ,201 Reedbird Ave,"201 REEDBIRD AVE, BALTIMORE, MD, 21225",40.7106032839915,Y,BCRP,Citywide Park,Y,,Carroll,10,Southern,46,Unknown,1773360.97235107,9920.21676197975,33.6195900030339,91.720228943609,24.787730816067,10.0913154859145,P168
169,Reservoir Hill Park, ,751 Reservoir St,"751 RESERVOIR ST, BALTIMORE, MD, 21217",0.384353883832826,Y,BCRP,Mini Park,Y,,Druid Hill,7,Western,40,Unknown,16742.5220947266,778.329121887426,8.29098681434661,77.0914077421808,1.852614671912,0.0071206534090069,P169
170,Reverend Quille Park, ,502 Presstman St,"502 PRESSTMAN ST, BALTIMORE, MD, 21217",0.302518639049,N,National Railroad Passenger Corporation,Alternate Provider - Mini Park,N,,Druid Hill,7,Western,40,Unknown,13177.7119750977,652.074422176444,63.0373636511528,84.2722938259453,31.749088599468,0.0960472949282047,P170
171,Riverside Park, ,301 E Randall St,"301 EAST RANDALL ST, BALTIMORE, MD, 21230",20.1601894216899,Y,BCRP,Citywide Park,Y,,Carroll,11,Southern,46,Unknown,878181.364074707,3991.53180881857,30.6347353545549,82.8559406114141,2.65894254666078,0.536052142424994,P171
172,Robert & Mcculloh Park, ,424 Robert St,"424 ROBERT ST, BALTIMORE, MD, 21217",0.17294893248463,Y,BCRP,Green Space,Y,,Druid Hill,7,Western,40,Unknown,7533.68542480469,369.275618447318,21.9304364721361,72.1701813265944,6.41454494430736,0.0110939757564662,P172
173,Robert C. Marshall Park, ,1201 Pennsylvania Ave,"1201 PENNSYLVANIA AVE, BALTIMORE, MD, 21217",5.80856341444441,Y,BCRP,Neighborhood Park,Y,,Druid Hill,11,Western,40,Unknown,253022.034362793,2443.62691093682,16.7931384913828,59.1439372157592,2.24376593290732,0.130331609734372,P173
174,Rokeby Road Park, ,4265 Rokeby Rd (Rear),"4265 ROKEBY RD, BALTIMORE, MD, 21229 (REAR)",0.366907347838462,Y,BCRP,Green Space,Y,,Gwynns Falls,8,Southwestern,41,Unknown,15982.548034668,612.593014890364,0.697698447629038,87.0713524346695,0.0709218792860649,0.000260219668076796,P174
175,Roosevelt Park, ,1201 W 36th St,"1201 WEST 36TH ST, BALTIMORE, MD, 21211",16.9945608458412,Y,BCRP,Citywide Park,Y,,Druid Hill,7,Northern,40,Unknown,740286.03112793,3478.95036031381,23.3900481023422,86.2361272910642,17.2088517959131,2.92459218599438,P175
176,Rosemont Park, ,840 N Franklintown Rd,"840 NORTH FRANKLINTOWN RD, BALTIMORE, MD, 21216",0.580946100297214,Y,BCRP,Mini Park,Y,,Gwynns Falls,9,Western,40,Unknown,25306.1132202148,640.690743192125,71.6268147105466,92.2305630625179,10.9675585748797,0.0637161135659554,P176
177,Rozena Ridgley Park, ,1511 Mucculloh St,"1511 MCCULLOH ST, BALTIMORE, MD, 21217",0.192502962213085,Y,BCRP,Green Space,Y,,Druid Hill,11,Western,40,Unknown,8385.46264648438,377.289332639223,26.6893676143227,93.7881106952372,4.47120574249293,0.00860727235891275,P177
178,Rutter's Mill Park, ,1402 Rutter St,"1402 RUTTER ST, BALTIMORE, MD, 21217",0.212191203881183,Y,BCRP,Mini Park,Y,,Druid Hill,7,Western,40,Unknown,9243.08575439453,429.391546868542,99.9999259909426,99.999925990923,,,P178
179,Saint Casmir's Park, ,2719 O'Donnell St,"2719 O'DONNELL ST, BALTIMORE, MD, 21224",1.62425643527716,Y,BCRP,Mini Park,Y,,Patterson,1,Southeastern,46,Unknown,70752.8933105469,1101.71137573412,19.3280925588762,80.7078210806137,16.7362877280274,0.271842405181705,P179
180,Saint Charles Park, ,4754 Melbourne Rd (Rear),"4754 MELBOURNE RD, BALTIMORE, MD, 21229 (REAR)",1.07705973318748,Y,BCRP,Mini Park,Y,,Gwynns Falls,8,Southwestern,41,Unknown,46916.9097900391,877.88108265913,9.70582996944305,82.5684175587927,8.33202773621486,0.0897416336356975,P180
181,Saint Helena Park, ,6521 Parnell Ave,"6521 PARNELL AVE, BALTIMORE, MD, 21222",0.836574658813739,Y,BCRP,Mini Park,Y,,Patterson,1,Southeastern,46,Unknown,36441.3380737305,845.033897134924,16.9371339996335,72.2399265308299,14.7296478630801,0.123225487155967,P181
182,Saint Joseph's Park, ,230 Mccurley St,"230 MCCURLEY ST, BALTIMORE, MD, 21229",6.45441859205266,Y,BCRP,Neighborhood Park,Y,,Gwynns Falls,8,Southwestern,41,Unknown,281155.597961426,2616.63252219109,86.4453591667632,98.4805178841542,65.937065362583,4.25588825282035,P182
183,Saint Katherine's Park, ,2001 Druid Hill Ave,"2001 DRUID HILL AVE, BALTIMORE, MD, 21217",0.17764095048,N,National Railroad Passenger Corporation,Alternate Provider - Green Space,N,,Druid Hill,7,Western,40,Unknown,7738.03979492188,358.27172440142,49.6729593827499,86.9299720379425,5.64282090353345,0.0100240007825763,P183
184,Saint Leo's Bocce Park, ,902 Stiles St,"902 STILES ST, BALTIMORE, MD, 21202",0.132090174770859,Y,BCRP,Mini Park,Y,,Patterson,12,Central,46,Unknown,5753.87121582031,324.931898244791,34.9784435190012,52.5015544489002,1.29814160098575,0.00171473122732397,P184
185,Saint Mary's Park, ,606 N Paca St,"606 NORTH PACA ST, BALTIMORE, MD, 21201",5.05542528018435,Y,BCRP,Neighborhood Park,Y,,Carroll,11,Central,40,Yes,220215.206115723,2952.0773685415,48.954345377901,92.9257142817997,5.00740612218756,0.253147700158094,P185
186,Schroeder & Lombard Park, ,100 S Schroeder St,"100 SOUTH SCHROEDER ST, BALTIMORE, MD, 21223",0.160824399164911,Y,BCRP,Green Space,Y,,Gwynns Falls,9,Southwestern,40,Unknown,7005.5390625,330.631118475567,37.3895881444762,69.755793551512,15.1429581699138,0.0243537663221038,P186
187,Shipley Hill 1, ,2500 Booth St,"2500 BOOTH ST, BALTIMORE, MD, 21223",0.726607609264924,Y,BCRP,Mini Park,Y,,Gwynns Falls,9,Southwestern,40,Unknown,31651.1541748047,1473.86711565659,36.1814068709446,52.6539237825171,0.146963503309473,0.00106785654071563,P187
188,Shipley Hill 2, ,2502 Boyd St,"2502 BOYD ST, BALTIMORE, MD, 21223",0.997481832874766,Y,BCRP,Mini Park,Y,,Gwynns Falls,9,Southwestern,40,Unknown,43450.4823608398,1171.82375926619,39.8990764209278,85.6168667752395,18.7589506084367,0.187118621301586,P188
189,Shirley Avenue Park, ,4001 Reisterstown Rd,"4001 REISTERSTOWN RD, BALTIMORE, MD, 21215",0.638603708436296,Y,BCRP,Mini Park,Y,,Druid Hill,6,Northern,40,Unknown,27817.6888427734,996.77897243252,66.6241283865094,84.6220030076089,15.2278380479963,0.0972463164573755,P189
190,Shot Tower, ,701 E Fayette St,"701 EAST FAYETTE ST, BALTIMORE, MD, 21202",1.28955875887,N,Department of General Services,Alternate Provider - Civic Space,Y,,Patterson,12,Central,46,Unknown,56173.1795043945,1014.27893545548,46.3769146559398,75.5174981886571,3.87121948877863,0.049921849679617,P190
191,Silverbell Park, ,5501 Silverbell Ave (Rear),"5501 SILVERBELL RD, BALTIMORE, MD, 21206 (REAR)",0.58152925459615,Y,BCRP,Mini Park,Y,,Clifton,2,Northeastern,45,Unknown,25331.5156860352,682.815419648296,0.483204547322489,88.0903100915038,87.9104858765164,0.511229283051554,P191
192,Solo Gibbs Park, ,1044 Leadenhall St,"1044 LEADENHALL ST, BALTIMORE, MD, 21230",4.97381298653182,Y,BCRP,Neighborhood Park,Y,,Carroll,11,Southern,46,Unknown,216660.160522461,3040.55122518526,40.452998000708,78.8463480582903,11.5026435640119,0.572124556364012,P192
193,Traci Atkins Park,Stricker & Ramsey Park,401 S Stricker St,"401 SOUTH STRICKER ST, BALTIMORE, MD, 21223",1.70934265109424,Y,BCRP,Neighborhood Park,Y,,Carroll,9,Southwestern,40,Unknown,74459.263671875,1223.96157501028,28.0512692393326,83.8558347087601,15.4579880936503,0.264232097336271,P193
194,Swann Park, ,201 W Mccomas St,"201 WEST MCCOMAS ST, BALTIMORE, MD, 21230",11.2242000384769,Y,BCRP,Neighborhood Park,Y,,Carroll,10,Southern,46,Unknown,488928.10925293,3138.11602038257,4.41538236909848,85.9585247562409,0.312177272300826,0.0350396818343193,P194
195,Thames Street Park, ,1832 Thames St,"1832 THAMES ST, BALTIMORE, MD, 21231",0.664115392001273,Y,BCRP,Mini Park,Y,,Patterson,1,Central,46,Unknown,28928.9819946289,703.253607341773,58.0361297663792,83.4282419408181,7.00955387875921,0.0465518986335339,P195
196,Towanda Park, ,4126 Towanda Ave,"4126 TOWANDA AVE, BALTIMORE, MD, 21215",9.23185650911705,Y,BCRP,Neighborhood Park,Y,,Druid Hill,6,Northern,40,Unknown,402141.278198242,4339.71923358392,34.1259546434936,90.2642979842408,16.9802717534747,1.5676068639562,P196
197,Union Square Park, ,31 S Gilmor St,"31 SOUTH GILMOR ST, BALTIMORE, MD, 21223",2.68275966076235,Y,BCRP,Neighborhood Park,Y,,Gwynns Falls,9,Southwestern,40,Yes,116861.478271484,1354.51722411511,77.8410508490074,96.0085271611781,86.9843473926014,2.3335996517673,P197
198,Uplands Park, ,4701 Edmondson Ave,"4701 EDMONDSON AVE, BALTIMORE, MD, 21229",35.5109895492059,Y,BCRP,Green Space,Y,,Gwynns Falls,8,Southwestern,41,Unknown,1546864.89202881,17123.2337035322,93.2452603089589,98.6938375818301,84.1796808447914,29.8932768128458,P198
199,Vincent Street Park, ,122 N Vincent St,"122 NORTH VINCENT ST, BALTIMORE, MD, 21223",0.987285067357741,Y,BCRP,Mini Park,Y,,Gwynns Falls,9,Southwestern,40,Unknown,43006.3095703125,1229.95448530747,17.3322315261688,51.9632510147303,11.6918009150368,0.115432327995208,P199
200,Violetville Park, ,1095 Joh Ave,"1095 JOH AVE, BALTIMORE, MD, 21229",10.9163810866589,Y,BCRP,Neighborhood Park,Y,,Carroll,9,Southern,41,Unknown,475519.461853027,3734.80030990576,34.1749911646745,91.6139052394421,0.830969099302478,0.0907124792898929,P200
201,War Memorial Plaza, ,101 Holliday St,"101 HOLLIDAY ST, BALTIMORE, MD, 21202",1.32330734499409,Y,BCRP,Civic Space,Y,,Carroll,11,Central,46,Unknown,57643.4984130859,962.291457957685,23.0364012655683,44.1613163468097,13.9779075479818,0.184972157031744,P201
202,Warwick Avenue Park, ,2 N Warwick Ave,"2 NORTH WARWICK AVE, BALTIMORE, MD, 21223",1.04756428771467,Y,BCRP,Neighborhood Park,Y,,Gwynns Falls,9,Southwestern,40,Unknown,45632.0827636719,1119.82437882855,16.8131511742229,67.6910828420965,3.01108418324451,0.0315432949222967,P202
203,Washington Monument, ,699 Washington Pl,"699 WASHINGTON PL, BALTIMORE, MD, 21201",0.26368084623357,Y,BCRP,Civic Space,Y,,Carroll,11,Central,46,Unknown,11485.9838867188,380.692802478459,,,,,P203
204,Western Run Park, ,5800 - 6700 Cross Country Blvd,"5800 - 6700 CROSS COUNTRY BLVD, BALTIMORE, MD, 21215",50.6510968886693,Y,BCRP,Citywide Park,Y,,Druid Hill,5,Northwestern,41,Unknown,2206370.60510254,33323.053502657,94.9138027941333,99.143408356897,87.2779790092193,44.2076073702302,P204
205,Wilbur H. Waters Park, ,1600 N Dukeland St,"1600 NORTH DUKELAND ST, BALTIMORE, MD, 21216",2.55483817347457,Y,BCRP,Neighborhood Park,Y,,Gwynns Falls,7,Northwestern,40,Unknown,111289.196166992,1535.53529155747,14.1204542809221,69.4877163624977,2.29952859367276,0.0587497043173392,P205
206,William McAbee Park, ,1600 Laurens St,"1600 LAURENS ST, BALTIMORE, MD, 21217",1.43665656852087,Y,BCRP,Neighborhood Park,Y,,Gwynns Falls,7,Western,40,Unknown,62581.0103759766,1062.01034421423,28.9840495288419,40.1471380781815,1.11914974257697,0.0160784669156658,P206
207,William McGill Park, ,2408 Allendale St,"998 ALLENDALE ST, BALTIMORE, MD, 21229",0.404185037286672,Y,BCRP,Mini Park,Y,,Gwynns Falls,6,Northwestern,41,Unknown,17606.3707885742,643.124099256461,84.6425356671691,97.4121282298794,12.348129352771,0.0499096905050304,P207
208,Willow Avenue Park, ,603 Willow Ave,"603 WILLOW AVE, BALTIMORE, MD, 21212",0.744855434432079,Y,BCRP,Mini Park,Y,,Clifton,4,Northern,43,Yes,32446.0323486328,891.882500771026,24.7776122264124,63.1625185623676,0.333450410061041,0.00248374337036307,P208
209,Wilson & Etting Park, ,520 Islamic Way,"520 ISLAMIC WAY, BALTIMORE, MD, 21217",1.26641182026239,Y,BCRP,Neighborhood Park,Y,,Druid Hill,7,Western,40,Unknown,55165.1195678711,1075.30096911547,48.8965956073859,71.5788656663799,10.0473839195013,0.127242275518857,P209
210,Windsor Hills Park, ,2905 Lawina Rd,"2905 LAWINA RD, BALTIMORE, MD, 21216",0.50164827740142,Y,BCRP,Mini Park,Y,,Gwynns Falls,8,Northwestern,41,Unknown,21851.8862304688,604.883523894628,92.6504439764106,98.9872002348043,57.347694485491,0.287686022997174,P210
211,Winner Avenue Park,Pimlico Good Neighbor Park,5400 Winner Ave,"5400 WINNER AVE, BALTIMORE, MD, 21215",0.30034010616601,Y,BCRP,Mini Park,Y,,Druid Hill,5,Northwestern,41,Unknown,13082.8672485352,452.79915797527,39.8982831719448,71.806842041474,7.82415038302969,0.0234992495604121,P211
212,Woodberry Park, ,2200 Druid Park Dr,"2200 DRUID PARK DR, BALTIMORE, MD, 21211",5.0972704256316,Y,BCRP,Neighborhood Park,Y,,Druid Hill,7,Northern,40,Unknown,222037.987976074,3945.26255913605,75.9657783033315,94.4993710704453,34.0298390457153,1.73460679838004,P212
213,Woodberry Woods, ,W Cold Spring Ln & Greenspring Ave,"WEST COLD SPRING LN & GREENSPRING AVE, BALTIMORE, MD, 21209",19.3065846445219,Y,BCRP,Forest,Y,,Druid Hill,6,Northern,41,Unknown,840998.191101074,8614.9492354902,94.7135270727882,99.1679775140588,92.8319199240006,17.9228165793644,P213
214,Woodbourne Avenue Park, ,1633 Woodbourne Ave,"1633 WOODBOURNE AVE, BALTIMORE, MD, 21239",0.826113128326058,Y,BCRP,Mini Park,Y,,Clifton,3,Northeastern,43,Unknown,35985.6318359375,924.653594825041,11.2320826910213,75.4468923262757,8.46204326261986,0.0699066095683321,P214
215,Yale Heights Park, ,603 Bethnal Rd,"603 BETHNAL RD, BALTIMORE, MD, 21229",1.23277626987834,Y,BCRP,Neighborhood Park,Y,,Gwynns Falls,8,Southwestern,41,Unknown,53699.9489135742,1339.01730883963,47.3259091446194,77.7911639499967,50.9258410771925,0.627806706474168,P215
216,Hillen Triangle, ,3201 Hillen Rd,"3201 HILLEN RD, BALTIMORE, MD, 21218",1.69848867218371,Y,BCRP,Mini Park,Y,,Clifton,14,Eastern,45,Unknown,73986.4625854492,1155.80384896656,22.0250058614984,92.4212972543219,23.9305909355891,0.406461627910871,P216
217,Wyman Park Dell, ,29th St & Charles St,"WEST 29TH ST & NORTH CHARLES ST, BALTIMORE, MD, 21218",13.5925149688085,Y,BCRP,Neighborhood Park,Y,,Druid Hill,14,Northern,40/43,Yes,592092.320617676,5613.57967381797,72.5668434560809,97.6135167265374,78.3797165940095,10.6538599411742,P217
218,Wyman Park, ,33rd St & Keswick Rd,"WEST 33RD ST & KESWICK RD, BALTIMORE, MD, 21211",71.6306303133564,Y,BCRP,Citywide Park,Y,,Druid Hill,"12,14",Northern,40/43,Unknown,3120242.73687744,17171.3942858052,64.3907543549668,95.8230130042396,56.2320594797968,40.2797008802002,P218
219,Middle Branch Park, ,3301 Waterview Ave,"3301 WATERVIEW AVE, BALTIMORE, MD, 21230",96.2838633306909,Y,BCRP,Citywide Park,Y,,Carroll,10,Southern,46,Unknown,4194141.862854,28543.489153321,40.5978071926295,87.9564046194799,51.8964253894098,49.9682830405184,P219
220,Preston Gardens Park, ,200 St Paul Pl,"200 SAINT PAUL PL, BALTIMORE, MD, 21202",2.78088508229,N,Downtown Partnership (Mayor & City Council),Alternate Provider - Mini Park,Y,,Carroll,11,Central,46,Unknown,121135.354492188,4418.73768233308,36.3816387844665,71.2005061555453,47.4691527406179,1.32006786754126,P220
221,McKim Park, ,1200 E Baltimore St,"1200 EAST BALTIMORE ST, BALTIMORE, MD, 21202",1.29207225462919,Y,BCRP,Neighborhood Park,Y,,Patterson,12,Central,46,Unknown,56282.8924560547,1410.95899974711,5.59714434173867,45.4480278262671,1.69947321932672,0.0219585976100279,P221
222,Hooper & Rockrose Park, ,2020 Rockrose Ave,"2020 ROCKROSE AVE, BALTIMORE, MD, 21211",8.43409375692083,Y,BCRP,Neighborhood Park,Y,,Druid Hill,7,Northern,40,Unknown,367390.59362793,2793.36164615956,64.2631048145801,97.3097077479109,86.2490365219935,7.27438279959364,P222
223,Jones Falls Trail, ,3900 Clipper Rd,"3900 CLIPPER RD, BALTIMORE, MD, 21211",15.9121825154286,Y,BCRP,Forest,Y,,Druid Hill,"6,7",Northern,40/41,Unknown,693137.442687988,3920.15245596185,78.6308659038588,99.3322099910737,88.5514186489585,14.090576079694,P223
224,Stoney Run Park,Linkwood,101 W Cold Spring Ln,"101 WEST COLD SPRING LN, BALTIMORE, MD, 21210",27.1221962318622,Y,BCRP,Citywide Park,Y,,Druid Hill,"6,14",Northern,41/43,Yes,1181447.59368896,16356.0046337119,83.7032949505105,99.1753726758528,83.3188901215142,22.5980936611737,P224
225,Harlem Inner Block Park E 89,Harlem Inner Block Parks,1308 W Lanvale St,"1308 WEST LANVALE ST, BALTIMORE, MD, 21217",0.417532046771212,Y,BCRP,Green Space,Y,,Gwynns Falls,9,Western,40,Unknown,18187.7689819336,1212.48825820484,91.9864041555279,99.6892762186106,15.8951556051157,0.0663678994771117,P225
226,Harlem Inner Block Park C 86,Harlem Inner Block Parks,823 N Mount St,"823 NORTH MOUNT ST, BALTIMORE, MD, 21217",0.51871793407,N,Department of Public Works (Sanitation),Alternate Provider - Green Space,Y,,Gwynns Falls,9,Western,40,Unknown,22595.3532104492,775.296278867922,18.2617419948075,46.9289994829332,39.1871141249176,0.203271401892646,P226
227,Harlem Inner Block Park B 85,Harlem Inner Block Parks,1725 W Lafayette Ave,"1725 WEST LAFAYETTE AVE, BALTIMORE, MD, 21217",0.527807499543164,Y,BCRP,Mini Park,Y,,Gwynns Falls,9,Western,40,Unknown,22991.3865356445,1749.54757660103,24.4164700671971,71.2338980329876,51.7853216549201,0.273328997982642,P227
228,Harlem Inner Block Park I 97,Harlem Inner Block Parks,702 N Mount St,"702 NORTH MOUNT ST, BALTIMORE, MD, 21217",0.4878253464412,Y,BCRP,Green Space,Y,,Gwynns Falls,9,Western,40,Unknown,21249.7570800781,1464.84514418452,7.70347590779088,70.8455250284744,26.9854962088438,0.131643143511658,P228
229,Harlem Inner Block Park M 103,Harlem Inner Block Parks,1120 Harlem Ave,"1120 HARLEM AVE, BALTIMORE, MD, 21217",0.319779081318419,Y,BCRP,Mini Park,Y,,Gwynns Falls,9,Western,40,Unknown,13929.6325683594,1119.24283201494,99.9982171795657,100.000073826337,1.90642622193547,0.00609640102958061,P229
230,Harlem Inner Block Park S 114,Harlem Inner Block Parks,1100 Edmondson Ave,"1100 EDMONDSON AVE, BALTIMORE, MD, 21223",0.378149897516809,Y,BCRP,Mini Park,Y,,Gwynns Falls,9,Western,40,Unknown,16472.2753295898,671.221903739891,59.3371207281146,95.9262908093323,66.3815540278167,0.251023786710523,P230
231,Harlem Inner Block Park Q 112,Harlem Inner Block Parks,600 Block Woodyear St,"600 NORTH WOODYEAR ST, BALTIMORE, MD, 21217",0.65818146362141,Y,BCRP,Green Space,Y,,Gwynns Falls,9,Western,40,Unknown,28670.4993286133,979.278288423241,34.0045126303526,83.1317569590404,25.5795654157229,0.1683613049276,P231
232,Harlem Inner Block Park X 123,Harlem Inner Block Parks,529 N Gilmor St,"529 NORTH GILMOR ST, BALTIMORE, MD, 21223",0.589038155387635,Y,BCRP,Green Space,Y,,Gwynns Falls,9,Western,40,Unknown,25658.6049804688,1476.44150949422,27.1408716605701,66.0862496029702,35.1057798536274,0.206788092384027,P232
233,Harlem Inner Block Park ZA 125,Harlem Inner Block Parks,1302 W Franklin St,"1302 WEST FRANKLIN ST, BALTIMORE, MD, 21223",0.535000017895801,Y,BCRP,Mini Park,Y,,Gwynns Falls,9,Western,40,Unknown,23304.694152832,852.20664419635,72.5691808997105,93.7047101939829,60.5373995023091,0.323877689184747,P233
234,Harlem Inner Block Park ZC 127,Harlem Inner Block Parks,1122 1/2 W Franklin St,"1122 1/2  WEST FRANKLIN ST, BALTIMORE, MD, 21229",0.556335047035307,Y,BCRP,Green Space,Y,,Gwynns Falls,9,Western,40,Unknown,24234.0516357422,1723.08358519726,35.2965898286145,87.8176464046222,6.47046119932035,0.0359977313376269,P234
235,Patterson Park, ,200 S Linwood Ave,"200 SOUTH LINWOOD AVE, BALTIMORE, MD, 21224",138.656830185546,Y,BCRP,Citywide Park,Y,,Patterson,1,Southeastern,46,Yes,6039915.68188477,13098.5483624951,22.871990930328,82.5660506814014,11.0289478389199,15.2925118159911,P235
236,John E. Howard Park, ,2201 Linden Ave,"2201 LINDEN AVE, BALTIMORE, MD, 21217",1.52293017049,N,Baltimore City Public Schools,Alternate Provider - Neighborhood Park,Y,,Druid Hill,7,Western,40,Unknown,66338.8382568359,1067.41632559634,29.924096387232,70.2207992623558,2.00548726414824,0.0305422927796125,P236
238,Dypski Park,Clarence 'Du' Burns Arena,1225 S Ellwood Ave,"1225 SOUTH ELLWOOD AVE, BALTIMORE, MD, 21224",2.91778054983179,Y,BCRP,Mini Park,Y,,Patterson,1,Southeastern,46,Unknown,127099.029174805,1602.43874696231,16.4835200317811,22.8540750706287,0.55689089782586,0.0162489842920309,P238
239,Canton Soccer Park,Canton Dog Park,3201 Toone St,"3201 TOONE ST, BALTIMORE, MD, 21224",3.50132144320369,Y,BCRP,Mini Park,Y,,Patterson,1,Southeastern,46,Yes,152518.172424316,1535.67544441103,19.6498124690363,29.1218995962503,12.04251194386,0.421650426184025,P239
240,Mount Pleasant Woods, ,6100 Hillen Rd,"6100 HILLEN RD, BALTIMORE, MD, 21239",48.5434618912974,Y,BCRP,Forest,Y,,Clifton,4,Northeastern,43,Unknown,2114561.65826416,10312.2460086419,98.8478958238415,99.8800471241596,95.4517071480106,46.3359337703454,P240
241,Mount Pleasant Park, ,Perring Pkwy & Echodale Ave,"PERRING PKWY & ECHODALE AVE, BALTIMORE, MD, 21239",42.2021284394817,Y,BCRP,Citywide Park,Y,,Clifton,"3,4",Northeastern,43/45,Unknown,1838332.06866455,11476.3255959544,73.8234020560921,99.0396224750512,91.3651963325647,38.5583659712559,P241
242,Mount Pleasant Golf Course, ,6131 Hillen Rd,"6131 HILLEN RD, BALTIMORE, MD, 21239",160.203253343172,Y,BCRP,Special Use - Facility,Y,,Clifton,"3,4",Northeastern,43/45,Unknown,6978481.62921143,20308.6347705238,39.0963871306788,97.4068167456106,21.5978086110362,34.6006688502323,P242
243,Gwynns Falls Trail,,2781 Wilkens Ave,"2781 WILKENS AVE, BALTIMORE, MD, 21223",61.8429139249836,Y,BCRP,Green Space,Y,,Gwynns Falls,"9,10",Western/Southern/Southwestern,40,Unknown,2693888.10675049,33777.6388010514,81.6216344909761,96.8511773995506,76.5642969286222,47.3499710454686,P243
244,Carroll Park, ,1500 Washington Blvd,"1500 WASHINGTON BLVD, BALTIMORE, MD, 21230",155.13088366475,Y,BCRP,Citywide Park,Y,,Carroll,"9,10",Southern,40,Yes,6757528.32324219,18066.6722937133,31.8636098491037,90.3311509432587,15.8547038909394,24.5957390137656,P244
246,Catonsville Short Line Park, ,S Beechfield Ave & S College Rd,"SOUTH BEECHFIELD AVE & SOUTH COLLEGE RD, BALTIMORE, MD, 21229",9.78953460113162,Y,BCRP,Forest,Y,,Gwynns Falls,8,Southwestern,41,Unknown,426433.833007813,9747.15600721102,70.2399592839562,98.9294060705402,24.3222597618671,2.38105508354861,P246
247,Paca Street Park, ,2640 S Paca St,"2640 SOUTH PACA ST, BALTIMORE, MD, 21230",6.06901633467695,Y,BCRP,Mini Park,Y,,Carroll,10,Southern,46,Unknown,264367.408874512,3745.52634396048,36.7962343393893,77.6596388684328,26.5116223536153,1.60900756325067,P247
248,Light Street City Farm, ,1640 Light St,"1640 LIGHT ST, BALTIMORE, MD, 21230",0.107653022746062,Y,BCRP,Green Space - Garden,Y,,Carroll,10,Southern,46,Unknown,4689.38446044922,282.843930581103,23.5128682013128,75.8723584579262,1.41634840727752,0.00152475407104593,P248
249,Margaret Brent Park, ,2540 N Calvert St,"2540 N CALVERT ST, BALTIMORE, MD, 21218",0.710383148052,N,CSX Transportation INC,Alternate Provider - Mini Park,N,,Clifton,12,Northern,43,Unknown,30944.2899780273,799.332068942341,28.0083018238507,36.8273765636591,13.2365490508261,0.0940305899656562,P249
250,Waverly Mini Park, ,2932 Indepence St,"2932 INDEPENDENCE ST, BALTIMORE, MD, 21218",0.302500089193082,Y,BCRP,Mini Park,Y,,Clifton,14,Northern,43,Unknown,13176.9566040039,733.840934190175,55.6485381482702,98.8708801382294,12.588474536267,0.0380804513429529,P250
251,McKeldin Plaza,Inner Harbor,501 E Pratt St,"501 EAST PRATT ST, BALTIMORE, MD, 21202",1.72680213679084,Y,Downtown Partnership (BCRP),Civic Space,Y,,Carroll,11,Central,46,Unknown,75219.801940918,1262.55942471743,13.7979611925754,52.1623295032248,7.53480074461386,0.130112141154931,P251
252,Park Avenue Median Park, ,1600 - 2200 Park Ave,"1600 - 2200 PARK AVE, BALTIMORE, MD, 21217",1.08936195495275,Y,BCRP,Mini Park,Y,,Druid Hill,7,Western,40,Unknown,47452.7965087891,1528.69786033995,51.5846652229787,79.0234503096831,52.0060681391977,0.566538852872452,P252
253,World Trade Plaza,Inner Harbor,501 Pier 3,"501 EAST PRATT ST, BALTIMORE, MD, 21202",0.831124332010158,Y,Waterfront Partnership (Department of Housing & Community Development),Citywide Park,Y,,Carroll,11,Central,46,Unknown,36203.920715332,767.294538697703,8.53477426150435,65.3323584086569,1.31480920057224,0.0109277866074947,P253
254,Rash Field,Inner Harbor,300 Key Hwy,"300 KEY HWY, BALTIMORE, MD, 21230",7.2686740833524,Y,Waterfront Partnership (Department of Housing & Community Development),Citywide Park,Y,,Carroll,11,Central,46,Unknown,316624.709594727,2728.57881403656,10.3744891887053,46.9921083069721,0.0396540490604225,0.00288234664575876,P254
255,Maryland Zoo, ,1 Safari Pl,"1 SAFARI PL, BALTIMORE, MD 21217",125.074830397101,Y,Maryland Zoo,Alternate Provider - Special Use - Facility,Y,,Druid Hill,7,Northern,40,Unknown,5448281.40533447,16738.5906207507,75.7923034508266,89.0836604208499,56.4527348480941,70.6087272339023,P255
256,Fort McHenry, ,2400 E Fort Ave,"2400 EAST FORT AVE, BALTIMORE, MD, 21230",46.7195679929,N,National Park Service,Alternate Provider - Citywide Park,N,,Carroll,11,Southern,46,Unknown,2035104.38189697,6227.85185406403,12.9721352632281,85.7807286628326,0.857499555407263,0.400621690309835,P256
257,West Shore Park,Inner Harbor,501 Light St,"501 LIGHT ST, BALTIMORE, MD, 21202",2.49742447358208,Y,Waterfront Partnership (Department of Housing & Community Development),Citywide Park,Y,,Carroll,11,Central,46,Unknown,108788.245239258,1507.49884839363,30.494990841399,50.3439975379337,,,P257
258,Pimlico Safety Academy, ,3425 Trainor Ave,"3425 TRAINOR AVE, BALTIMORE, MD, 21215",6.51619581383068,Y,BCRP,Neighborhood Park,Y,,Druid Hill,5,Northwestern,41,Unknown,283846.62512207,2378.57839313169,5.38485203552306,88.017939027016,0.68256157292442,0.0444774044598861,P258
259,Broadway East Park, ,1510 N Gay St,"1510 NORTH GAY ST, BALTIMORE, MD, 21213",0.970223486151108,Y,BCRP,Mini Park,Y,,Patterson,13,Eastern,45,Unknown,42263.1041259766,992.768703623429,2.37514923884749,95.6701491903877,95.580406329523,0.92735096915319,P259
260,Classen & Park Heights Park, ,4307 Reisterstown Rd,"4307 REISTERSTOWN RD, BALTIMORE, MD, 21215",1.26403681137,N,Department of Housing & Community Development,Alternate Provider - Mini Park,Y,,Druid Hill,6,Northern,40,Unknown,55061.4435424805,1246.13347697903,55.235998057949,84.9447644707125,4.50001561053021,0.0568820813621703,P260
261,Briscoe Park, ,1441 E 28th St,"1441 EAST 28TH ST, BALTIMORE, MD, 21218",1.014352827245,Y,BCRP,Neighborhood Park,Y,,Clifton,14,Eastern,43,Unknown,44185.3858032227,1337.79550499232,45.1213871671074,65.7413876254361,5.98498369384557,0.0607093369819137,P261
262,West Covington Park, ,101 W Cromwell St,"101 WEST CROMWELL ST, BALTIMORE, MD, 21230",9.3733691698,N,Sagamore,Alternate Provider - Mini Park,N,,Carroll,10,Southern,46,Unknown,408303.960144043,4725.32268863903,0.357594015995263,87.307292353834,17.1801299895497,1.61036344922535,P262
263,German Park, ,2423 Linden Ave,"2423 LINDEN AVE, BALTIMORE, MD, 21217",1.06840566486463,Y,BCRP,Neighborhood Park,Y,,Druid Hill,7,Western,40,Yes,46539.9368286133,1231.92213168894,40.8157850306851,76.2089101714755,3.1915521757601,0.0340989970340892,P263
264,Gelston Park, ,Gelston Dr & N Woodington Rd,"GELSTON DR & NORTH WOODINGTON RD, BALTIMORE, MD, 21229",0.370563196813534,Y,BCRP,Green Space,Y,,Gwynns Falls,8,Southwestern,41,Unknown,16141.7974243164,556.041562502183,30.5610383314455,99.9969686363764,30.7899612510859,0.114097177484354,P264
265,Pierce's Park,Inner Harbor,720 Eastern Ave,"720 EASTERN AVE, BALTIMORE, MD, 21202",0.857915833919436,Y,BCRP,Citywide Park,Y,,Carroll,11,Central,46,Unknown,37370.9632568359,931.097741397904,10.9946283618989,79.4683234582768,69.4932280360836,0.596198176394404,P265
266,Pier V Waterfront Garden,Inner Harbor,719 Eastern Ave,"719 EASTERN AVE, BALTIMORE, MD, 21202",1.19092337724006,Y,BCRP,Citywide Park,Y,,Carroll,11,Central,46,Unknown,51876.8297729492,1169.01459171168,16.7864724811234,40.2867992831003,5.45508000259837,0.0649663427272745,P266
267,Harbor Point Central Plaza, ,1310 Point St,"1310 POINT ST, BALTIMORE, MD, 21231",0.821051891602,N,"Waterfront Partnership (Harbor Point Garage, LLC)",Alternate Provider - Mini Park,N,,Patterson,12,Central,46,Unknown,35765.0203857422,884.370714277196,,,,,P267
268,Veteran's Park,Fayette & I83 Park,101 N Frederick St,"101 NORTH FREDERICK ST, BALTIMORE, MD, 21202",0.535752989275362,Y,BCRP,Civic Space,Y,,Carroll,11,Central,46,Unknown,23337.4935302734,659.325847565584,49.8304445938661,75.5877777543986,45.2827856840011,0.242605818769919,P268
269,Hopkins Plaza, ,110 W Lombard St,"110 WEST LOMBARD ST, BALTIMORE, MD, 21201",2.01995464165,N,"Downtown Partnership (UGP-Downunder Garage, LLC)",Alternate Provider - Civic Space,N,,Carroll,11,Central,46,Unknown,87989.2241210938,1893.77397400891,25.1617191080429,29.1092544342065,,,P269
270,Liberty Park Dog Walk, ,N Liberty St & W Fayette St,"NORTH LIBERTY ST & WEST FAYETTE ST, BALTIMORE, MD, 21201",0.173618227697,N,Downtown Partnership,Alternate Provider - Special Use - Facility,N,,Carroll,11,Central,40/46,Unknown,7562.80999755859,665.752261585663,15.1015773764585,37.1358157114411,29.5643304324293,0.0513292718442077,P270
271,Center Plaza, ,110 W Fayette St,"110 WEST FAYETTE ST, BALTIMORE, MD, 21201",1.68566505964,N,Downtown Partnership (Mayor & City Council),Alternate Provider - Civic Space,Y,,Carroll,11,Central,40,Unknown,73427.5698852539,1815.99780180874,16.3523336758975,53.7064222816878,2.60720260354477,0.0439488791201955,P271
272,Courthouse Plaza,Cathy Hughes Plaza,E Lexington St & Saint Paul St,"EAST LEXINGTON ST & SAINT PAUL ST, BALTIMORE, MD, 21202",0.207309586358,N,Downtown Partnership,Alternate Provider - Civic Space,N,,Carroll,11,Central,46,Unknown,9030.40557861328,493.512714388686,41.3101479281274,48.3266945049323,,,P272
273,Battle Monument, ,E Lexington St & N Calvert St,"EAST LEXINGTON ST & NORTH CALVERT ST, BALTIMORE, MD, 21202",0.197620722691,N,Mayor & City Council,Alternate Provider - Civic Space,Y,,Carroll,11,Central,46,Unknown,8608.35852050781,477.612835773455,7.21642177158689,15.281024656826,8.06460288529533,0.015937390252538,P273
274,Holocaust Memorial Park, ,500 E Lombard St,"5500 EAST LOMBARD ST, BALTIMORE, MD, 21224",1.20087755832,N,Board of Trustees of the New Community College,Alternate Provider - Civic Space,N,,Carroll,11,Central,46,Unknown,52310.2265014648,906.697446215874,24.929381804618,56.7384946710014,1.57695711713173,0.018937399873097,P274
275,President & Pratt Street Park,Inner Harbor,S President St & E Pratt St,"SOUTH PRESIDENT ST & EAST PRATT ST, BALTIMORE, MD, 21202",0.446126921737,N,Downtown Partnership,Alternate Provider - Citywide Park,N,,Patterson,12,Central,46,Unknown,19433.2886962891,870.214195952535,5.10379842470596,74.9006685589607,22.7033324078777,0.101286083146915,P275
276,University Square Park, ,W Baltimore St & S Paca St,"WEST BALTIMORE ST & NORTH PACA ST, BALTIMORE, MD, 21201",1.38342069329,N,State of Maryland,Alternate Provider - Mini Park,N,,Carroll,11,Central,40,Unknown,60261.8053588867,1017.39360732393,28.7917469411908,73.978621860268,0.00165853705454596,2.29446365960409e-05,P276
277,Warner Street Park,Warner Street Traffic Island,611 Warner St,"611 WARNER ST, BALTIMORE, MD, 21230",0.445510511177618,Y,BCRP,Green Space,Y,,Carroll,10,Southern,46,Unknown,19406.5154418945,774.319417172158,66.3258571857874,94.2943751101567,27.0430711552935,0.12048068838469,P277
278,Russell Street Park, ,Russell St & Washington Blvd,"RUSSELL ST & WASHINGTON BLVD, BALTIMORE, MD, 21230",0.589804090323,N,Maryland Stadium Authority,Alternate Provider - Civic Space,N,,Carroll,10,Southern,46,Unknown,25691.8662719727,973.800908638662,4.79536417734948,31.7893715625767,6.90133755419227,0.0407045340017338,P278
279,Raven's Walk, ,W Lee St and S Eutaw St,"W LEE ST & S EUTAW ST, BALTIMORE. MD, 21201",3.70471113721,N,Maryland Stadium Authority,Alternate Provider - Civic Space,N,,Carroll,"10, 11",Southern,46,Unknown,161377.217407227,3803.90762214829,44.8263713257662,50.0372865667865,13.27001022285,0.491617513094118,P279
280,Pope John Paul II Prayer Garden, ,W Franklin St & N Charles St,"WEST FRANKLIN ST & NORTH CHARLES ST, BALTIMORE, MD, 21201",0.122890969563,N,Trustees of the Catholic Cathedral Church of Baltimore,Alternate Provider - Mini Park,N,,Carroll,11,Central,46,Unknown,5353.13061523438,302.661161818526,31.0392201752715,87.9239357772046,1.08889987537746,0.00133816496679337,P280
281,Eager Park, ,E Eager St & N Wolfe St,"EAST EAGER ST & NORTH WOLFE ST, BALTIMORE, MD, 21205",4.6652619971,N,Eastern Baltimore Development INC,Alternate Provider - Neighborhood Park,N,,Patterson,"12, 13",Southeastern,45,Unknown,203218.812561035,3413.70266696758,4.79047759846033,45.9666103433727,15.4890978063955,0.722609884113816,P281
282,Memorial Stadium Park, ,1000 E 33rd St,"1000 EAST 33RD ST, BALTIMORE, MD, 21218",0.776451341324,N,Stadium Place Association INC,Alternate Provider - Mini Park,N,,Clifton,14,Northeastern,43,Unknown,33822.2203979492,800.66693081631,15.4835405173436,80.1117280283084,1.66457420673954,0.0129246604538334,P282
283,Perkins Spring Square Park, ,Myrtle Ave & Murphy LN,"MYRTLE AVE & MURPHY LN, BALTIMORE, MD, 21201",1.38170224648,N,"HABC / Heritage Crossing Site, LLC",Alternate Provider - Mini Park,Y,,Gwynns Falls,11,Western,40,Unknown,60186.9500732422,1185.04660768617,16.8082625803177,59.1329956267381,46.1629942261867,0.637837679604093,P283
284,Canton Square, ,1198 S Linwood Ave,"1198 SOUTH LINWOOD AVE, BALTIMORE, MD, 21224",0.343152498631,N,Canton Square Homeowners,Alternate Provider - Mini Park,N,,Patterson,1,Southeastern,46,Unknown,14947.7228393555,483.57417575947,58.7818238288266,83.8760496241361,42.7929998069007,0.146845835454047,P284
285,South Baltimore Little League, ,1101 E Fort Ave,"1101 EAST FORT AVE, BALTIMORE, MD, 21230",3.89537171112,N,South Baltimore Little League,Alternate Provider - Special Use - Facility,N,,Carroll,11,Southern,46,Unknown,169682.391784668,2070.54573745219,1.80203956098355,86.3702841672737,0.00621898204812195,0.000242253436441196,P285
286,Baltimore Immigration Memorial Park, ,Hull Street at Inner Harbor,"900 HULL ST, BALTIMORE, MD, 21230",0.730462487544,N,UA Locust Point Holdings LLC,Alternate Provider - Mini Park,N,,Carroll,11,Southern,46,Unknown,31818.9459838867,962.504075311884,3.76639954455992,29.1263831108646,,,P286
287,Under Armour Waterfront Park, ,1020 Hull St,"1020 HULL ST, BALTIMORE, MD, 21230",1.58410545314,N,UA Locust Point Holdings LLC,Alternate Provider - Mini Park,N,,Carroll,11,Southern,46,Unknown,69003.633605957,2599.1124367892,3.49147083409213,8.23264496745977,1.62671780678321,0.0257690285618807,P287
288,Darley Park,Gateway Park,Harford Rd & Normal Ave,"HARFORD RD & NORMAL AVE, BALTIMORE, MD, 21218",0.621248000814,N,Department of Housing & Community Development,Alternate Provider - Mini Park,Y,,Clifton,12,Eastern,45,Unknown,27061.5627441406,997.623682250179,8.34039327318992,39.2079612927373,0.129298137989478,0.000803265310335196,P288
289,Singer Park, ,720 Singer Ave,"720 SINGER AVE, BALTIMORE, MD, 21211",0.140490957554,N,"Singer Park & Play, INC",Alternate Provider - Green Space,N,,Druid Hill,14,Northern,40,Unknown,6119.78619384766,414.691060487747,62.9664064218223,98.1049416855259,21.4488722396935,0.0301338465295153,P289
290,Masonville Cove Environmental Center, ,1000 Frankfurst Ave,"1000 FRANKFURST AVE, BALTIMORE, MD, 21226",60.7040704442,N,State of Maryland,Alternate Provider - Special Use - Facility,N,,Carroll,10,Southern,46,Unknown,2644269.30847168,7385.65695143545,11.6111586682928,95.981003695891,76.854421851565,46.6539489957509,P290
291,Poplar Hill Park, ,Bellemore Rd & Falls Rd,"BELLEMORE RD & FALLS RD, BALTIMORE, MD, 21209",0.689847645595,N,Poplar Hill Parks INC,Alternate Provider - Forest,N,,Druid Hill,5,Northern,41,Unknown,30049.7634277344,887.898160328932,95.9121663169954,99.9499738009472,59.7767313672229,0.412370023429019,P291
292,The Secret Garden, ,2010 Park Ave (Rear),"2010 PARK AVE, BALTIMORE, MD, 21217",0.108592710795,N,Baltimore Greenspace,Alternate Provider - Green Space,N,,Druid Hill,7,Western,40,Unknown,4730.29846191406,278.386037947006,82.0175949927895,92.1203439967692,79.5340013985481,0.086368473597149,P292
293,Fairwood Forest, ,5800-5900 Fairwood Ave,"5800 FAIRWOOD AVE, BALTIMORE, MD, 21206",3.27714574329,N,Baltimore Greenspace,Alternate Provider - Forest,N,,Clifton,2,Northeastern,45,Unknown,142752.468566895,2442.87783495208,98.8705212891656,99.7218997426308,70.8679141165148,2.32245412073335,P293
294,Ash Street Community Garden,Baltimore Free Farm,3509 Ash St,"3509 ASH ST, BALTIMORE, MD, 21211",0.106085735656,N,Baltimore Greenspace,Alternate Provider - Green Space - Garden,N,,Druid Hill,7,Northern,40,Unknown,4621.09460449219,297.716734919443,37.3587945613303,96.6576102669309,,,P294
295,Oakenshawe Green Space, ,3400 Barclay St,"3400 BARCLAY ST, BALTIMORE, MD, 21218",0.344285723178,N,Baltimore Greenspace,Alternate Provider - Green Space,N,,Clifton,14,Northern,43,Unknown,14997.0861816406,578.645385775287,72.8871825415547,96.4103110683257,47.9922095833276,0.165230986774994,P295
296,McAllister Park, ,1800 Barclay St (Rear),"1800 BARCLAY ST, BALTIMORE, MD, 21202 (REAR)",0.301903362954,N,Baltimore Greenspace,Alternate Provider - Green Space,N,,Patterson,12,Eastern,45,Unknown,13150.9104614258,490.49157276947,23.8120700443083,93.0601606375246,21.846511731145,0.0659556174238373,P296
297,Victorine Q. Adams Memorial Garden, ,Adjacent to 3200 Vickers Rd,"3200 VICKERS RD, BALTIMORE, MD, 21216",0.271992114324,N,Baltimore Greenspace,Alternate Provider - Green Space - Garden,N,,Gwynns Falls,7,Northwestern,40,Unknown,11847.9763793945,528.882096749925,21.2142676116043,96.2097604716647,6.75354211042917,0.0183691754540017,P297
298,Mount Clare Street Community Garden, ,1017 Boyd St,"1017 BOYD ST, BALTIMORE, MD, 21223",0.197630392566,N,Baltimore Greenspace,Alternate Provider - Green Space - Garden,N,,Gwynns Falls,9,Southwestern,40,Unknown,8608.77984619141,485.135448941135,65.8947297832899,84.2878921197399,22.626049828623,0.0447161299578154,P298
299,Remington Village Green, ,2812-2822 Fox St,"2812 - 2822 FOX ST, BALTIMORE, MD, 21211",0.102090240761,N,Baltimore Greenspace,Alternate Provider - Green Space - Garden,N,,Druid Hill,14,Northern,43,Unknown,4447.05090332031,267.502517369384,4.95716339785838,91.7307120015111,3.37656218220696,0.00344715424986293,P299
300,Charles M. Halcott Square, ,104 S Duncan St,"104 SOUTH DUNCAN ST, BALTIMORE, MD, 21231",0.0884864733626,N,Baltimore Greenspace,Alternate Provider - Green Space,N,,Patterson,1,Southeastern,46,Unknown,3854.47082519531,270.648052053929,84.9712037177789,99.3953735997907,,,P300
301,North Duncan Street Community Garden, ,502 N Duncan St,"502 NORTH DUNCAN ST, BALTIMORE, MD, 21205",0.0247113232923,N,Baltimore Greenspace,Alternate Provider - Green Space - Garden,N,,Patterson,13,Southeastern,45,Unknown,1076.42523193359,136.83757838946,38.3980407042698,89.0349047831937,,,P301
302,Duncan Street Miracle Garden, ,1800 N Duncan St,"1800 NORTH DUNCAN ST, BALTIMORE, MD, 21213",0.669913640062,N,Baltimore Greenspace,Alternate Provider - Green Space - Garden,N,,Patterson,12,Eastern,45,Unknown,29181.4381103516,973.426263714682,16.8300481766246,75.9818043802409,38.6267003318821,0.258766569309856,P302
303,Brentwood Commons, ,1816 Brentwood Ave,"1816 BRENTWOOD AVE, BALTIMORE, MD, 21202",0.0786666037133,N,Baltimore Greenspace,Alternate Provider - Green Space,N,,Patterson,12,Eastern,45,Unknown,3426.71728515625,247.167989451428,12.2217156617671,48.9609629801296,36.7392473183864,0.0289016337045256,P303
304,Upper Fells Point Community Garden, ,1827 E Pratt St,"1827 EAST PRATT ST, BALTIMORE, MD, 21231",0.104549133108,N,Baltimore Greenspace,Alternate Provider - Green Space - Garden,N,,Patterson,13,Central,46,Unknown,4554.16021728516,290.064930440883,3.04671028711671,72.412224594603,,,P304
305,Pigtown Horseshoe Pit, ,1217 Bayard St,"1217 BAYARD ST, BALTIMORE, MD, 21230",0.0198548692074,N,Baltimore Greenspace,Alternate Provider - Green Space,N,,Carroll,10,Southern,40,Unknown,864.878173828125,164.473194230923,14.7411976057828,14.7411976054896,,,P305
306,Northwood Baseball League, ,1801 Argonne Dr,"1801 ARGONNE DR, BALTIMORE, MD, 21218",5.2521562939,N,Northwood Baseball League,Alternate Provider - Neighborhood Park,Y,,Clifton,14,Northeastern,43,Unknown,228783.928100586,2031.17556774066,15.9338028358352,96.00184818843,51.5794468771201,2.70904400168743,P306
307,Sherwood Gardens, ,Stratford Rd & Greenway,"STRATFORD RD & GREENWAY, BALTIMORE, MD, 21218",6.17576595594,N,Stratford Green,Alternate Provider - Green Space,N,,Clifton,4,Northern,43,Unknown,269016.36517334,2707.5269583718,52.1438407879693,99.932897866503,80.5822576494424,4.97659154080289,P307
308,Guilford Gateway Park, ,E University Pkwy & St Paul St,"EAST UNIVERSITY PKWY & SAINT PAUL ST, BALTIMORE, MD, 21218",2.41319588746,N,Guilford Association,Alternate Provider - Green Space,N,,Clifton,14,Northern,43,Unknown,105118.812866211,1522.40868926689,58.1308955471313,99.7886839878285,92.7617781614152,2.23853236987438,P308
309,The Little Park, ,St Paul St and St Martins Rd,"3702 GREENWAY, BALTIMORE, MD, 21218",1.35829139409,N,Guilford Association,Alternate Provider - Green Space,N,,Clifton,14,Northern,43,Unknown,59167.1730957031,1005.6553400341,73.8019564481658,100.000054870423,31.1929725500566,0.423693156495431,P309
310,Sunken Park, ,Overhill Rd and N Charles St,"OVERHILL RD & N CHARLES ST, BALTIMORE. MD, 21210",1.11594667045,N,Guilford Association,Alternate Provider - Green Space,N,,Druid Hill,14,Northern,41,Unknown,48610.6369018555,871.536080091932,50.3193469240086,99.9999977455302,60.0744823050571,0.670401866651974,P310
311,Bedford Square, ,Bedford Pl & St Paul St,"BEDFORD PL & SAINT PAUL ST, BALTIMORE, MD, 21218",0.0817803707075,N,Guilford Association,Alternate Provider - Green Space,N,,Clifton,4,Northern,43,Unknown,3562.35296630859,291.793752153526,88.6122983878174,99.9998069249578,83.4586589746837,0.0682530737058006,P311
312,Broadway Pier, ,920 S Broadway,"920 SOUTH BROADWAY, BALTIMORE, MD, 21231",0.261245868061,N,Department of Docks & Wharves,Alternate Provider - Civic Space,Y,,Patterson,1,Central,46,Unknown,11379.8699951172,593.590605825311,,20.4127091341993,20.412709134196,0.0533275724810444,P312
313,Broadway Market Square, ,1641 Lancaster St,"1641 LANCASTER ST, BALTIMORE, MD, 21231",0.751186617771,N,Mayor & City Council,Alternate Provider - Civic Space,Y,,Patterson,1,Central,46,Unknown,32721.6890869141,754.505582785183,31.0336082612815,31.0336082612596,5.92775204639217,0.0445286582264957,P313
314,Charles Plaza, ,100 N Charles St,"100 NORTH CHARLES ST, BALTIMORE, MD, 21201",1.11037953454,N,Charles Plaza LLC,Alternate Provider - Civic Space,N,,Carroll,11,Central,40,Unknown,48368.1322021484,1145.40196013796,2.95333353503792,6.5394161381785,2.58150646273129,0.028664634102908,P314
315,Frederick & Brunswick Traffic Island, ,Frederick Ave and Brunswick St,"FREDERICK & BRUNSWICK ST, BALTIMORE, MD. 21223",0.197182602239756,Y,BCRP,Green Space,Y,,Carroll,9,Southwestern,40,Unknown,8589.30859375,428.896458068405,0.20919152342403,53.2851742767672,9.8105016117272,0.0193447571283696,P315
316,Cotwood Place Traffic Island, ,3401 Cotwood Pl,"COTWOOD PL, BALTIMORE, MD, 21215",0.133776899995931,Y,BCRP,Green Space,Y,,Druid Hill,6,Northern,40,Unknown,5827.34503173828,308.139649266768,44.8765173737951,93.5127485295728,90.224244060478,0.120700162347273,P316
317,Mosher Street Park, ,1427 Eutaw Pl,"1427 EUTAW PL, BALTIMORE, MD, 21217",0.197021400063,N,Department of Transportation,Alternate Provider - Mini Park,Y,,Druid Hill,11,Western,40,Unknown,8582.25219726563,391.962112418902,46.7954298552083,65.5947383612447,0.0404307849846012,7.9657617256702e-05,P317
318,Rosedale & Belmont Park, ,1403 Rosedale St,"1403 NORTH ROSEDALE ST, BALTIMORE, MD, 21216",0.0419706263859,N,Department of Housing & Community Development,Alternate Provider - Green Space,Y,,Gwynns Falls,9,Northwestern,40,Unknown,1828.24047851563,182.439192912138,67.3366956886562,99.9999990402875,,,P318
319,Saint Mary & Paca Traffic Island, ,450 St Mary St,"450 SAINT MARY ST, BALTIMORE, MD, 21201",0.0602301868620149,Y,BCRP,Green Space,Y,,Carroll,11,Central,40,Unknown,2623.63739013672,329.711862454073,16.7625459626784,91.3759914990517,16.2906482823224,0.0098119663969721,P319
320,Sarah Ann Park, ,1122 W Saratoga St,"1122 WEST SARATOGA ST, BALTIMORE, MD, 21223",0.138667810894,N,Department of Housing & Community Development,Alternate Provider - Green Space,Y,,Gwynns Falls,9,Southwestern,40,Unknown,6040.36987304688,317.764870859396,35.416802059555,91.5122824763276,37.1427182812108,0.0515052003713556,P320
321,Racheal Wilson Park, ,145 S Calverton Rd,"145 SOUTH CALVERTON RD, BALTIMORE, MD, 21223",0.660402823174808,Y,BCRP,Green Space,Y,,Gwynns Falls,9,Southwestern,40,Unknown,28767.2619018555,1004.04156945355,34.4308508457195,67.8262402196828,0.967224094826786,0.00638762632952041,P321
322,Mighty Park,,3041 Stafford St,"3025 - 3049 STAFFORD ST, BALTIMORE, MD, 21223",1.15465112631717,Y,"Jeremy's Tree Service, LLC",Alternate Provider - Neighborhood Park,N,,Gwynns Falls,9,Southwestern,40,U,50296.8043212891,1016.93877645727,39.8217303711951,92.1205600029279,1.03173543243979,0.0119130400953141,P322
323,Midway Park,,2226 Kirk Ave,"2226 KIRK AVE, BALTIMORE, MD 21218",0.454976980303174,Y,Maryland Transit Authority/BCRP,Mini Park,N,,Clifton,12,Eastern,43,U,19818.8765869141,572.576360201534,9.80174587754111,70.0165587587589,0.0225640592284824,0.000102662096605878,P323
324,Your Playground,,1604 Ellsworth St,"1604 ELLSWORTH ST, BALTIMORE, MD, 21213",0.498685351421296,N,Preston Community Development Corporation,Alternate Provider - Mini Park,N,,Patterson,12,Eastern,45,U,21722.8207397461,590.896694606302,1.25501879415323,91.7712321394702,6.62327449157487,0.0330295638067293,P324
325,Barclay Park,,1719 Barclay St,"1719 BARCLAY ST, BALTIMORE, MD, 21202",0.213892476674932,N,"Greenmount West Properties, LLC",Alternate Provider - Mini Park,N,,Patterson,12,Eastern,45,U,9317.19439697266,390.44854935224,41.7241109833694,82.1644400320724,32.6566521247737,0.0698506867603126,P325
326,Wonderground,,409 E Lanvale St,"409 E LANVALE ST, BALTIMORE, MD, 21202",0.293814175650799,N,"New Greenmount West Community Association, INC",Alternate Provider - Mini Park,N,,Patterson,12,Eastern,45,U,12798.6193237305,522.562785872111,38.2620182106801,82.4920112312934,5.76164447765828,0.0169286934954215,P326
327,Paul Povlock Memorial Park,Hunter's Lot Park,1700 Hunter St,"1700 HUNTER ST, BALTIMORE, MD, 21202",0.209965016577796,N,Daniel Schoch,Alternate Provider - Mini Park,N,,Patterson,12,Eastern,45,U,9146.11053466797,382.54075483367,58.2631089841117,95.3578373874923,52.1109545710543,0.109415624621506,P327
328,26th Street Green,,221-229 E 26th St,"221-229 E 26TH ST, BALTIMORE, MD, 21218",0.126583912927469,N,Department of Transportation,Alternate Provider - Civic Space,Y,,Clifton,12,Northern,43,U,5514.01599121094,371.169759215244,3.56440946026909,4.22398938258506,0.409549926898641,0.000518428356728069,P328
329,The Meadow,,200 W Lexington St,"200 W LEXINGTON ST, BALTIMORE, MD, 21201",0.922557882687612,N,"Downtown Partnership (C-W Superblock, LLC)",Alternate Provider - Mini Park,N,,Carroll,11,Central,40,U,40186.7821044922,801.891292449952,,74.4639657301821,0.111560556387506,0.00102921894064992,P329
331,Wills Park,Inner Harbor,1401 Point St,"1401 POINT ST, BALTIMORE, MD, 21231",0.564947145948792,N,"Waterfront Partnership (Wills Street Pier, LLC)",Alternate Provider - Mini Park,N,,Patterson,12,Central,46,U,24609.1961669922,812.524299491184,,5.75391925828252,5.75391925828268,0.0325068626839872,P331
333,Gwynns Falls / Leakin Park @ Leon Day Park,Gwynns Falls / Leakin Park,1198 N Franklintown Rd,"1198 N FRANKLINTOWN RD, BALTIMORE, MD, 21216",16.0683657900762,Y,BCRP,Neighborhood Park,Y,,Gwynns Falls,9,Northwestern,40,Y,699940.813476563,3520.19294564945,22.8652091138113,92.695964555339,11.0006537326929,1.76763942214171,P245
334,Gwynns Falls / Leakin Park,"Campground, Eagle Drive, Leon Day, Morris Rd & North Avenue, Seminole Avenue, Stokes Drive",4921 Windsor Mill Rd,"4921 WINDSOR MILL RD, BALTIMORE, MD, 21207",864.608158939554,Y,BCRP,Citywide Park,Y,,Gwynns Falls,"7,8,9",Northwestern/Southwestern,40/41,Y,37662482.052124,122378.17819266,94.0019083681646,99.1556336431908,93.8955457293225,811.83504391741,P245
343,Gwynns Falls / Leakin Park @ Morris Road & North Ave,Gwynns Falls / Leakin Park,Morris Rd & W North Ave,"MORRIS RD & W NORTH AVE, BALTIMORE, MD, 21216",33.6547038917169,Y,BCRP,Neighborhood Park,Y,,Gwynns Falls,7,Northwestern,41,Y,1466004.76605225,7032.65829509089,78.55986004656,96.2367386436987,72.0097678283745,24.2348680141147,P245
355,Gwynns Falls / Leakin Park @ Semionole Ave Park,Gwynns Falls / Leakin Park,Seminole Ave & Kevin Rd,"SEMINOLE AVE & KEVIN RD, BALTIMORE, MD, 21229",2.85821151211638,Y,BCRP,Neighborhood Park,Y,,Gwynns Falls,8,Northwestern/Southwestern,41,Y,124504.191711426,1975.42513471978,12.0254457981391,99.8168530380979,99.4846599989952,2.8435047528509,P245
357,Gwynns Falls / Leakin Park @ Campground,Gwynns Falls / Leakin Park,4921 Windsor Mill Rd,"4921 WINDSOR MILL RD, BALTIMORE, MD, 21207",2.17990976088458,Y,BCRP,Special Use - Facility,Y,,Gwynns Falls,7,Northwestern,41,Y,94957.2490844727,1366.43255688385,66.8822508504774,89.234506049438,61.6370738052635,1.34364333731903,P245
365,Gwynns Falls / Leakin Park @ Eagle Drive,Gwynns Falls / Leakin Park,Sloman Dr & Windsor Mill Rd,"SLOMAN DR & WINDSOR MILL RD, BALTIMORE, MD, 21207",68.0686181267712,Y,BCRP,Neighborhood Park,Y,,Gwynns Falls,8,Northwestern,41,Y,2965080.8661499,8573.05309148654,45.2212118945458,91.157788219307,22.6894529260358,15.4445206230712,P245
367,Gwynns Falls / Leakin Park @ Stokes Drive,Gwynns Falls / Leakin Park,Stokes Dr & Wildwood Pkwy,"STOKES DR & WILDWOOD PWKY, BALTIMORE, MD, 21229",6.10371423620247,Y,BCRP,Neighborhood Park,Y,,Gwynns Falls,8,Northwestern,41,Y,265878.855651855,3794.39304980393,13.9294226608503,84.6552712841851,82.9908736796151,5.06556629594027,P245
368,Cloverdale Park,Druid Hill Park,2556 Druid Hill Ave,"2556 DRUID HILL AVE, BALTIMORE, MD, 21217",1.70007642905188,Y,BCRP,Neighborhood Park,Y,,Druid Hill,7,Western,40,Yes,74055.6250610352,1230.06796566554,54.4547354567555,88.901744879467,53.7182961824991,327.170112728636,P368
369,Druid Hill Park, ,900 Druid Park Lake Dr,"900 DRUID PARK LAKE DR, BALTIMORE, MD, 21217",607.342872856028,Y,BCRP,Citywide Park,Y,,Druid Hill,7,Northern/Western,40,Yes,26455961.3657837,40319.8521110548,54.4547354567555,88.901744879467,53.7182961824991,327.170112728636,P367
381,Umbra Street Park, ,Hudson St and Umbra St,"HUDSON ST AND UMBRA ST, BALTIMORE, MD, 21224",2.00823817822551,N,Department of Transportation,Alternate Provider - Mini Park,Y,,Patterson,1,Southeastern,46,U,87479.2049560547,1601.99472258144,,,,,P381
